benchmark,w_ops,w_keys,final_ops_cost_imed,final_keys_cost_imed,add_imed,sub_imed,multiply_plain_imed,rotate_rows_imed,negate_imed,multiply_imed,Depth_imed,Multiplicative Depth_imed,rotation_keys_size (MB)_imed,Remaining_noise_budget_imed,compile_time (s)_imed,circuit_execution_time (s)_imed,galois_keys_generation_time (s)_imed,total_execution_time (s)_imed,final_ops_cost_mine,final_keys_cost_mine,add_mine,sub_mine,multiply_plain_mine,rotate_rows_mine,negate_mine,multiply_mine,Depth_mine,Multiplicative Depth_mine,rotation_keys_size (MB)_mine,Remaining_noise_budget_mine,compile_time (s)_mine,circuit_execution_time (s)_mine,galois_keys_generation_time (s)_mine,total_execution_time (s)_mine,family
box_blur_4,0.0,1.0,21006.0,0.0,13.0,0.0,0.0,0.0,0.0,0.0,6.0,0.0,,,5.236,,,,21006.0,0.0,13,0,0,0,0,0,6.0,0.0,0.0628271,144.0,5.949,0.065,0.0,0.065,box_blur
box_blur_4,0.2,0.8,15.0,0.0,8.0,0.0,0.0,0.0,0.0,0.0,5.0,0.0,0.125542,359.0,12.94,0.227,0.0,0.227,14.0,0.0,8,0,0,0,0,0,4.0,0.0,0.0628271,145.0,6.807,0.055,0.0,0.055,box_blur
box_blur_4,0.5,0.5,14.0,0.0,8.0,0.0,0.0,0.0,0.0,0.0,4.0,0.0,0.125542,359.0,12.734,0.221,0.0,0.221,14.0,0.0,8,0,0,0,0,0,4.0,0.0,0.0628271,144.0,6.913,0.04,0.0,0.04,box_blur
box_blur_4,0.8,0.2,14.0,0.0,8.0,0.0,0.0,0.0,0.0,0.0,4.0,0.0,0.125542,359.0,12.706,0.225,0.0,0.225,1263.0,0.0,9,0,0,0,0,0,4.0,0.0,0.0628271,144.0,6.785,0.043,0.0,0.043,box_blur
box_blur_4,1.0,0.0,78.0,1.0,5.0,0.0,0.0,1.0,0.0,0.0,5.0,0.0,18.1967,357.0,12.773,0.168,0.114,0.282,2512.0,0.0,10,0,0,0,0,0,4.0,0.0,0.0628271,144.0,6.546,0.05,0.0,0.05,box_blur
dot_product_16,0.0,1.0,7758.0,0.0,15.0,0.0,0.0,0.0,0.0,16.0,5.0,1.0,,,5.127,,,,7758.0,0.0,15,0,0,0,0,16,5.0,1.0,0.0628271,112.0,7.261,0.478,0.0,0.478,dot_product
dot_product_16,0.2,0.8,8010.0,0.0,15.0,0.0,0.0,0.0,0.0,16.0,5.0,1.0,0.125542,326.0,14.758,3.022,0.0,3.022,7758.0,0.0,15,0,0,0,0,16,5.0,1.0,0.0628271,112.0,6.596,0.5,0.0,0.5,dot_product
dot_product_16,0.5,0.5,871.0,1.0,8.0,0.0,0.0,1.0,0.0,8.0,10.0,1.0,18.1967,326.0,17.473,1.572,0.115,1.687,868.0,1.0,11,0,0,1,0,8,7.0,1.0,2.573,112.0,18.658,0.528,0.023,0.551,dot_product
dot_product_16,0.8,0.2,572.0,1.0,10.0,0.0,0.0,3.0,0.0,4.0,11.0,1.0,18.1967,326.0,13.717,0.897,0.114,1.011,870.0,1.0,14,0,0,1,0,8,9.0,1.0,2.573,112.0,16.243,0.256,0.012,0.268,dot_product
dot_product_16,1.0,0.0,708.0,5.0,4.0,0.0,0.0,5.0,0.0,1.0,10.0,1.0,90.4814,324.0,14.922,0.385,0.568,0.953,867.0,1.0,8,0,0,1,0,8,6.0,1.0,2.573,112.0,12.295,0.413,0.02,0.433,dot_product
dot_product_32,0.0,1.0,15759.0,0.0,31.0,0.0,0.0,0.0,0.0,32.0,6.0,1.0,,,5.275,,,,15759.0,0.0,31,0,0,0,0,32,6.0,1.0,0.0628271,112.0,17.671,1.007,0.0,1.007,dot_product
dot_product_32,0.2,0.8,16011.0,0.0,31.0,0.0,0.0,0.0,0.0,32.0,6.0,1.0,0.125542,326.0,17.899,5.957,0.0,5.957,34516.0,0.0,31,0,0,0,0,32,6.0,1.0,0.0628271,112.0,26.358,1.096,0.0,1.096,dot_product
dot_product_32,0.5,0.5,1686.0,1.0,16.0,0.0,0.0,1.0,0.0,16.0,15.0,1.0,18.1967,326.0,24.353,3.033,0.112,3.145,1677.0,1.0,20,0,0,1,0,16,8.0,1.0,2.573,112.0,44.984,0.552,0.013,0.565,dot_product
dot_product_32,0.8,0.2,1681.0,1.0,16.0,0.0,0.0,1.0,0.0,16.0,12.0,1.0,18.1967,326.0,26.619,3.051,0.112,3.164,1677.0,1.0,22,0,0,1,0,16,8.0,1.0,2.573,112.0,27.6,0.637,0.013,0.65,dot_product
dot_product_32,1.0,0.0,710.0,5.0,5.0,0.0,0.0,5.0,0.0,1.0,11.0,1.0,90.4814,326.0,35.174,0.407,0.558,0.965,1676.0,1.0,16,0,0,1,0,16,7.0,1.0,2.573,112.0,26.361,1.037,0.024,1.061,dot_product
dot_product_4,0.0,1.0,1756.0,0.0,3.0,0.0,0.0,0.0,0.0,4.0,3.0,1.0,,,6.158,,,,1756.0,0.0,3,0,0,0,0,4,3.0,1.0,0.0628271,113.0,5.723,0.126,0.0,0.126,dot_product
dot_product_4,0.2,0.8,1756.0,0.0,3.0,0.0,0.0,0.0,0.0,4.0,3.0,1.0,0.125542,327.0,12.023,0.776,0.0,0.776,259.0,1.0,2,0,0,1,0,2,4.0,1.0,2.573,113.0,6.496,0.093,0.014,0.107,dot_product
dot_product_4,0.5,0.5,260.0,1.0,2.0,0.0,0.0,1.0,0.0,2.0,4.0,1.0,18.1967,327.0,12.219,0.435,0.116,0.55,259.0,1.0,2,0,0,1,0,2,4.0,1.0,2.573,113.0,6.617,0.065,0.012,0.076,dot_product
dot_product_4,0.8,0.2,215.0,2.0,2.0,0.0,0.0,2.0,0.0,1.0,5.0,1.0,36.2679,327.0,11.772,0.287,0.23,0.517,259.0,1.0,2,0,0,1,0,2,4.0,1.0,2.573,113.0,6.015,0.064,0.012,0.075,dot_product
dot_product_4,1.0,0.0,282.0,3.0,2.0,0.0,0.0,3.0,0.0,1.0,6.0,1.0,54.3391,324.0,15.355,0.298,0.334,0.632,259.0,1.0,2,0,0,1,0,2,4.0,1.0,2.573,113.0,6.457,0.073,0.011,0.084,dot_product
dot_product_8,0.0,1.0,3757.0,0.0,7.0,0.0,0.0,0.0,0.0,8.0,4.0,1.0,,,5.313,,,,3757.0,0.0,7,0,0,0,0,8,4.0,1.0,0.0628271,113.0,6.184,0.247,0.0,0.247,dot_product
dot_product_8,0.2,0.8,4008.0,0.0,7.0,0.0,0.0,0.0,0.0,8.0,4.0,1.0,0.125542,327.0,14.076,1.536,0.0,1.536,3757.0,0.0,7,0,0,0,0,8,4.0,1.0,0.0628271,113.0,6.299,0.235,0.0,0.235,dot_product
dot_product_8,0.5,0.5,464.0,1.0,6.0,0.0,0.0,1.0,0.0,4.0,6.0,1.0,18.1967,327.0,12.412,0.819,0.116,0.935,463.0,1.0,6,0,0,1,0,4,6.0,1.0,2.573,113.0,18.445,0.148,0.015,0.163,dot_product
dot_product_8,0.8,0.2,284.0,3.0,3.0,0.0,0.0,3.0,0.0,1.0,7.0,1.0,54.3391,326.0,12.499,0.327,0.343,0.67,462.0,1.0,6,0,0,1,0,4,5.0,1.0,2.573,113.0,12.188,0.111,0.011,0.122,dot_product
dot_product_8,1.0,0.0,399.0,4.0,3.0,0.0,0.0,4.0,0.0,1.0,8.0,1.0,72.4103,324.0,12.517,0.346,0.455,0.801,462.0,1.0,4,0,0,1,0,4,5.0,1.0,2.573,113.0,6.658,0.13,0.012,0.142,dot_product
l2_distance_16,0.0,1.0,15759.0,0.0,15.0,16.0,0.0,0.0,0.0,16.0,6.0,1.0,,,4.945,,,,15759.0,0.0,15,16,0,0,0,16,6.0,1.0,0.0628271,111.0,8.049,0.578,0.0,0.578,l2_distance
l2_distance_16,0.2,0.8,16011.0,0.0,15.0,16.0,0.0,0.0,0.0,16.0,6.0,1.0,0.125542,325.0,18.89,3.052,0.0,3.052,34519.0,0.0,15,16,0,0,0,16,6.0,1.0,0.0628271,111.0,28.828,0.577,0.0,0.577,l2_distance
l2_distance_16,0.5,0.5,888.0,1.0,8.0,8.0,0.0,1.0,0.0,8.0,11.0,1.0,18.1967,326.0,25.597,1.574,0.114,1.688,34525.0,0.0,15,16,0,0,0,16,6.0,1.0,0.0628271,111.0,31.648,0.562,0.0,0.562,l2_distance
l2_distance_16,0.8,0.2,891.0,1.0,15.0,8.0,0.0,1.0,0.0,8.0,13.0,1.0,18.1967,325.0,28.418,1.593,0.116,1.709,27020.0,0.0,15,16,0,0,0,16,6.0,1.0,0.0628271,111.0,19.268,0.631,0.0,0.631,l2_distance
l2_distance_16,1.0,0.0,710.0,5.0,4.0,1.0,0.0,5.0,0.0,1.0,11.0,1.0,90.4814,324.0,35.724,0.412,0.571,0.983,884.0,1.0,8,8,0,1,0,8,7.0,1.0,2.573,111.0,16.233,0.285,0.013,0.297,l2_distance
l2_distance_32,0.0,1.0,31760.0,0.0,31.0,32.0,0.0,0.0,0.0,32.0,7.0,1.0,,,5.032,,,,31760.0,0.0,31,32,0,0,0,32,7.0,1.0,0.0628271,111.0,8.256,1.159,0.0,1.159,l2_distance
l2_distance_32,0.2,0.8,32012.0,0.0,31.0,32.0,0.0,0.0,0.0,32.0,7.0,1.0,0.125542,325.0,30.467,6.129,0.0,6.129,50517.0,0.0,31,32,0,0,0,32,7.0,1.0,0.0628271,111.0,36.169,1.184,0.0,1.184,l2_distance
l2_distance_32,0.5,0.5,1719.0,1.0,16.0,16.0,0.0,1.0,0.0,16.0,16.0,1.0,18.1967,325.0,59.35,3.099,0.114,3.214,50514.0,0.0,31,32,0,0,0,32,7.0,1.0,0.0628271,111.0,36.503,1.051,0.0,1.051,l2_distance
l2_distance_32,0.8,0.2,1713.0,1.0,16.0,16.0,0.0,1.0,0.0,16.0,11.0,1.0,18.1967,325.0,56.522,3.06,0.113,3.172,50520.0,0.0,31,32,0,0,0,32,7.0,1.0,0.0628271,111.0,37.526,1.034,0.0,1.034,l2_distance
l2_distance_32,1.0,0.0,713.0,5.0,5.0,1.0,0.0,5.0,0.0,1.0,12.0,1.0,90.4814,324.0,190.726,0.407,0.56,0.967,1709.0,1.0,16,16,0,1,0,16,8.0,1.0,2.573,111.0,45.251,0.641,0.013,0.654,l2_distance
l2_distance_4,0.0,1.0,3757.0,0.0,3.0,4.0,0.0,0.0,0.0,4.0,4.0,1.0,,,5.554,,,,3757.0,0.0,3,4,0,0,0,4,4.0,1.0,0.0628271,112.0,10.975,0.126,0.0,0.126,l2_distance
l2_distance_4,0.2,0.8,4008.0,0.0,3.0,4.0,0.0,0.0,0.0,4.0,4.0,1.0,0.125542,326.0,12.902,0.759,0.0,0.759,3757.0,0.0,3,4,0,0,0,4,4.0,1.0,0.0628271,112.0,7.954,0.221,0.0,0.221,l2_distance
l2_distance_4,0.5,0.5,265.0,1.0,2.0,2.0,0.0,1.0,0.0,2.0,5.0,1.0,18.1967,327.0,11.391,0.425,0.112,0.537,3757.0,0.0,3,4,0,0,0,4,4.0,1.0,0.0628271,112.0,8.36,0.182,0.0,0.182,l2_distance
l2_distance_4,0.8,0.2,218.0,2.0,2.0,1.0,0.0,2.0,0.0,1.0,6.0,1.0,36.2679,326.0,11.331,0.28,0.222,0.502,264.0,1.0,2,2,0,1,0,2,5.0,1.0,2.573,112.0,8.198,0.067,0.012,0.079,l2_distance
l2_distance_4,1.0,0.0,284.0,3.0,2.0,1.0,0.0,3.0,0.0,1.0,7.0,1.0,54.3391,324.0,11.415,0.321,0.335,0.655,264.0,1.0,2,2,0,1,0,2,5.0,1.0,2.573,112.0,8.619,0.133,0.025,0.158,l2_distance
l2_distance_8,0.0,1.0,7758.0,0.0,7.0,8.0,0.0,0.0,0.0,8.0,5.0,1.0,,,5.378,,,,7758.0,0.0,7,8,0,0,0,8,5.0,1.0,0.0628271,112.0,8.058,0.28,0.0,0.28,l2_distance
l2_distance_8,0.2,0.8,8010.0,0.0,7.0,8.0,0.0,0.0,0.0,8.0,5.0,1.0,0.125542,326.0,15.196,1.548,0.0,1.548,8009.0,0.0,7,8,0,0,0,8,5.0,1.0,0.0628271,112.0,8.111,0.323,0.0,0.323,l2_distance
l2_distance_8,0.5,0.5,473.0,1.0,4.0,4.0,0.0,1.0,0.0,4.0,6.0,1.0,18.1967,326.0,16.622,0.8,0.113,0.912,8260.0,0.0,7,8,0,0,0,8,5.0,1.0,0.0628271,112.0,8.608,0.323,0.0,0.323,l2_distance
l2_distance_8,0.8,0.2,322.0,2.0,3.0,2.0,0.0,2.0,0.0,2.0,7.0,1.0,36.2679,326.0,12.269,0.466,0.223,0.69,471.0,1.0,4,4,0,1,0,4,6.0,1.0,2.573,112.0,11.464,0.205,0.012,0.217,l2_distance
l2_distance_8,1.0,0.0,401.0,4.0,3.0,1.0,0.0,4.0,0.0,1.0,9.0,1.0,72.4103,324.0,13.06,0.362,0.444,0.806,471.0,1.0,4,4,0,1,0,4,6.0,1.0,2.573,112.0,10.486,0.129,0.012,0.141,l2_distance
lin_reg_16,0.0,1.0,12006.0,0.0,2.0,0.0,1.0,0.0,0.0,1.0,3.0,1.0,,,5.606,,,,12006.0,0.0,2,0,1,0,0,1,3.0,1.0,0.0628271,144.0,5.812,0.011,0.0,0.011,lin_reg
lin_reg_16,0.2,0.8,108.0,0.0,2.0,0.0,1.0,0.0,0.0,1.0,3.0,1.0,0.125542,359.0,12.172,0.055,0.0,0.055,108.0,0.0,2,0,1,0,0,1,3.0,1.0,0.0628271,144.0,6.246,0.012,0.0,0.012,lin_reg
lin_reg_16,0.5,0.5,108.0,0.0,2.0,0.0,1.0,0.0,0.0,1.0,3.0,1.0,0.125542,358.0,11.815,0.055,0.0,0.055,108.0,0.0,2,0,1,0,0,1,3.0,1.0,0.0628271,144.0,5.975,0.01,0.0,0.01,lin_reg
lin_reg_16,0.8,0.2,175.0,1.0,2.0,0.0,0.0,1.0,0.0,1.0,4.0,1.0,18.1967,328.0,12.548,0.244,0.115,0.359,108.0,0.0,2,0,1,0,0,1,3.0,1.0,0.0628271,144.0,5.876,0.01,0.0,0.01,lin_reg
lin_reg_16,1.0,0.0,175.0,1.0,2.0,0.0,0.0,1.0,0.0,1.0,4.0,1.0,18.1967,328.0,12.113,0.244,0.115,0.359,108.0,0.0,2,0,1,0,0,1,3.0,1.0,0.0628271,144.0,8.192,0.012,0.0,0.012,lin_reg
lin_reg_32,0.0,1.0,24006.0,0.0,2.0,0.0,1.0,0.0,0.0,1.0,3.0,1.0,,,5.151,,,,24006.0,0.0,2,0,1,0,0,1,3.0,1.0,0.0628271,144.0,5.824,0.01,0.0,0.01,lin_reg
lin_reg_32,0.2,0.8,108.0,0.0,2.0,0.0,1.0,0.0,0.0,1.0,3.0,1.0,0.125542,359.0,12.063,0.054,0.0,0.054,108.0,0.0,2,0,1,0,0,1,3.0,1.0,0.0628271,144.0,6.124,0.01,0.0,0.01,lin_reg
lin_reg_32,0.5,0.5,108.0,0.0,2.0,0.0,1.0,0.0,0.0,1.0,3.0,1.0,0.125542,359.0,12.233,0.055,0.0,0.055,108.0,0.0,2,0,1,0,0,1,3.0,1.0,0.0628271,144.0,6.127,0.01,0.0,0.01,lin_reg
lin_reg_32,0.8,0.2,108.0,0.0,2.0,0.0,1.0,0.0,0.0,1.0,3.0,1.0,0.125542,358.0,12.221,0.055,0.0,0.055,108.0,0.0,2,0,1,0,0,1,3.0,1.0,0.0628271,144.0,6.012,0.01,0.0,0.01,lin_reg
lin_reg_32,1.0,0.0,108.0,0.0,2.0,0.0,1.0,0.0,0.0,1.0,3.0,1.0,0.125542,359.0,12.372,0.055,0.0,0.055,108.0,0.0,2,0,1,0,0,1,3.0,1.0,0.0628271,144.0,6.211,0.01,0.0,0.01,lin_reg
lin_reg_4,0.0,1.0,3006.0,0.0,2.0,0.0,1.0,0.0,0.0,1.0,3.0,1.0,,,21.125,,,,3006.0,0.0,2,0,1,0,0,1,3.0,1.0,0.0628271,144.0,8.344,0.017,0.0,0.017,lin_reg
lin_reg_4,0.2,0.8,108.0,0.0,2.0,0.0,1.0,0.0,0.0,1.0,3.0,1.0,0.125542,359.0,12.179,0.055,0.0,0.055,108.0,0.0,2,0,1,0,0,1,3.0,1.0,0.0628271,144.0,6.327,0.01,0.0,0.01,lin_reg
lin_reg_4,0.5,0.5,108.0,0.0,2.0,0.0,1.0,0.0,0.0,1.0,3.0,1.0,0.125542,358.0,11.856,0.055,0.0,0.055,108.0,0.0,2,0,1,0,0,1,3.0,1.0,0.0628271,144.0,6.301,0.011,0.0,0.011,lin_reg
lin_reg_4,0.8,0.2,163.0,1.0,2.0,0.0,0.0,1.0,0.0,1.0,4.0,1.0,18.1967,328.0,12.016,0.244,0.115,0.36,108.0,0.0,2,0,1,0,0,1,3.0,1.0,0.0628271,144.0,5.694,0.01,0.0,0.01,lin_reg
lin_reg_4,1.0,0.0,230.0,2.0,2.0,0.0,0.0,2.0,0.0,1.0,5.0,1.0,36.2679,327.0,15.219,0.286,0.229,0.515,108.0,0.0,2,0,1,0,0,1,3.0,1.0,0.0628271,143.0,5.699,0.01,0.0,0.01,lin_reg
lin_reg_8,0.0,1.0,6006.0,0.0,2.0,0.0,1.0,0.0,0.0,1.0,3.0,1.0,,,7.347,,,,6006.0,0.0,2,0,1,0,0,1,3.0,1.0,0.0628271,144.0,5.637,0.01,0.0,0.01,lin_reg
lin_reg_8,0.2,0.8,108.0,0.0,2.0,0.0,1.0,0.0,0.0,1.0,3.0,1.0,0.125542,358.0,11.785,0.055,0.0,0.055,108.0,0.0,2,0,1,0,0,1,3.0,1.0,0.0628271,144.0,6.082,0.012,0.0,0.012,lin_reg
lin_reg_8,0.5,0.5,108.0,0.0,2.0,0.0,1.0,0.0,0.0,1.0,3.0,1.0,0.125542,358.0,11.974,0.055,0.0,0.055,108.0,0.0,2,0,1,0,0,1,3.0,1.0,0.0628271,144.0,6.42,0.011,0.0,0.011,lin_reg
lin_reg_8,0.8,0.2,250.0,2.0,2.0,0.0,0.0,2.0,0.0,1.0,5.0,1.0,36.2679,327.0,11.965,0.286,0.229,0.516,108.0,0.0,2,0,1,0,0,1,3.0,1.0,0.0628271,144.0,5.785,0.011,0.0,0.011,lin_reg
lin_reg_8,1.0,0.0,250.0,2.0,2.0,0.0,0.0,2.0,0.0,1.0,5.0,1.0,36.2679,328.0,12.076,0.286,0.228,0.514,108.0,0.0,2,0,1,0,0,1,3.0,1.0,0.0628271,144.0,5.687,0.01,0.0,0.01,lin_reg
matrix_mul_4,0.0,1.0,28006.0,0.0,3.0,0.0,0.0,0.0,0.0,4.0,3.0,1.0,,,5.256,,,,28006.0,0.0,3,0,0,0,0,4,3.0,1.0,0.0628271,113.0,5.852,0.109,0.0,0.109,matrix_mul
matrix_mul_4,0.2,0.8,409.0,0.0,3.0,0.0,0.0,0.0,0.0,4.0,3.0,1.0,0.125542,327.0,12.083,0.757,0.0,0.757,409.0,0.0,3,0,0,0,0,4,3.0,1.0,0.0628271,113.0,6.746,0.112,0.0,0.112,matrix_mul
matrix_mul_4,0.5,0.5,409.0,0.0,3.0,0.0,0.0,0.0,0.0,4.0,3.0,1.0,0.125542,328.0,12.195,0.757,0.0,0.757,409.0,0.0,3,0,0,0,0,4,3.0,1.0,0.0628271,113.0,6.766,0.109,0.0,0.109,matrix_mul
matrix_mul_4,0.8,0.2,409.0,0.0,3.0,0.0,0.0,0.0,0.0,4.0,3.0,1.0,0.125542,328.0,11.955,0.757,0.0,0.757,4309.0,0.0,3,0,0,0,0,4,3.0,1.0,0.0628271,113.0,6.811,0.112,0.0,0.112,matrix_mul
matrix_mul_4,1.0,0.0,275.0,1.0,2.0,0.0,0.0,1.0,0.0,2.0,4.0,1.0,18.1967,327.0,12.261,0.424,0.113,0.537,4309.0,0.0,3,0,0,0,0,4,3.0,1.0,0.0628271,113.0,6.708,0.112,0.0,0.112,matrix_mul
max_3,0.0,1.0,3009.0,0.0,6.0,0.0,0.0,0.0,3.0,6.0,6.0,2.0,,,5.383,,,,3009.0,0.0,6,0,0,0,3,6,6.0,2.0,0.0628271,82.0,5.567,0.138,0.0,0.138,max
max_3,0.2,0.8,3259.0,0.0,6.0,0.0,0.0,0.0,3.0,6.0,6.0,2.0,0.125542,295.0,13.879,1.021,0.0,1.021,3009.0,0.0,6,0,0,0,3,6,6.0,2.0,0.0628271,82.0,5.548,0.14,0.0,0.14,max
max_3,0.5,0.5,2662.0,1.0,8.0,0.0,0.0,1.0,3.0,5.0,8.0,2.0,18.1967,295.0,14.731,0.961,0.116,1.077,2661.0,1.0,10,0,0,1,3,7,8.0,2.0,2.573,81.0,5.794,0.167,0.01,0.176,max
max_3,0.8,0.2,386.0,3.0,2.0,1.0,0.0,3.0,0.0,2.0,8.0,2.0,54.3391,295.0,11.378,0.482,0.334,0.816,664.0,2.0,5,0,0,2,2,3,9.0,2.0,5.08319,81.0,6.067,0.085,0.02,0.105,max
max_3,1.0,0.0,501.0,4.0,2.0,1.0,0.0,4.0,0.0,2.0,9.0,2.0,72.4103,292.0,11.772,0.501,0.446,0.947,664.0,2.0,5,0,0,2,2,3,9.0,2.0,5.08319,81.0,6.144,0.085,0.02,0.106,max
max_4,0.0,1.0,7012.0,0.0,12.0,0.0,0.0,0.0,6.0,12.0,8.0,3.0,,,5.774,,,,7012.0,0.0,12,0,0,0,6,12,8.0,3.0,0.0628271,49.0,5.62,0.306,0.0,0.306,max
max_4,0.2,0.8,7262.0,0.0,12.0,0.0,0.0,0.0,6.0,12.0,8.0,3.0,0.125542,262.0,14.552,1.966,0.0,1.966,25824.0,0.0,12,0,0,0,15,12,13.0,3.0,0.0628271,49.0,16.806,0.266,0.0,0.266,max
max_4,0.5,0.5,6667.0,1.0,16.0,0.0,0.0,1.0,7.0,13.0,10.0,3.0,18.1967,262.0,17.827,2.248,0.115,2.363,22173.0,1.0,17,1,0,1,8,14,11.0,3.0,2.573,49.0,18.512,0.326,0.01,0.336,max
max_4,0.8,0.2,1076.0,2.0,9.0,0.0,0.0,2.0,4.0,7.0,11.0,3.0,36.2679,262.0,14.674,1.337,0.228,1.565,1071.0,2.0,9,0,0,2,4,7,11.0,3.0,5.08319,49.0,8.682,0.179,0.02,0.199,max
max_4,1.0,0.0,912.0,5.0,3.0,1.0,0.0,5.0,0.0,3.0,12.0,3.0,90.4814,262.0,33.132,0.72,0.57,1.29,1570.0,2.0,9,0,0,2,4,7,11.0,3.0,5.08319,49.0,8.535,0.192,0.02,0.212,max
max_5,0.0,1.0,15015.0,0.0,20.0,0.0,0.0,0.0,10.0,20.0,10.0,4.0,,,5.434,,,,15015.0,0.0,20,0,0,0,10,20,10.0,4.0,0.0628271,17.0,12.246,0.947,0.0,0.947,max
max_5,0.2,0.8,15265.0,0.0,20.0,0.0,0.0,0.0,10.0,20.0,10.0,4.0,0.125542,229.0,18.714,3.243,0.0,3.243,29270.0,0.0,20,0,0,0,10,20,10.0,4.0,0.0628271,16.0,23.74,0.666,0.0,0.666,max
max_5,0.5,0.5,14670.0,1.0,28.0,0.0,0.0,1.0,13.0,25.0,12.0,4.0,18.1967,228.0,27.084,4.186,0.117,4.303,33819.0,0.0,20,0,0,0,25,20,21.0,4.0,0.0628271,17.0,39.36,0.922,0.0,0.922,max
max_5,0.8,0.2,14108.0,3.0,0.0,0.0,0.0,0.0,0.0,0.0,0.0,0.0,,,0.0,,,,1882.0,2.0,15,0,0,2,7,13,13.0,4.0,5.08319,17.0,21.165,0.328,0.02,0.348,max
max_5,1.0,0.0,1632.0,4.0,12.0,2.0,0.0,5.0,4.0,12.0,14.0,4.0,72.4103,228.0,305.018,2.347,0.453,2.8,4579.0,2.0,16,0,0,2,7,13,14.0,4.0,5.08319,16.0,33.731,0.756,0.057,0.813,max
poly_reg_16,0.0,1.0,20009.0,0.0,3.0,0.0,0.0,0.0,0.0,2.0,5.0,2.0,,,5.0,,,,212.0,0.0,3,0,0,0,0,2,5.0,2.0,0.0628271,82.0,8.216,0.082,0.0,0.082,poly_reg
poly_reg_16,0.2,0.8,212.0,0.0,3.0,0.0,0.0,0.0,0.0,2.0,5.0,2.0,0.125542,296.0,11.574,0.408,0.0,0.408,212.0,0.0,3,0,0,0,0,2,5.0,2.0,0.0628271,82.0,7.936,0.085,0.0,0.085,poly_reg
poly_reg_16,0.5,0.5,212.0,0.0,3.0,0.0,0.0,0.0,0.0,2.0,5.0,2.0,0.125542,296.0,11.59,0.408,0.0,0.408,212.0,0.0,3,0,0,0,0,2,5.0,2.0,0.0628271,82.0,8.762,0.104,0.0,0.104,poly_reg
poly_reg_16,0.8,0.2,212.0,0.0,3.0,0.0,0.0,0.0,0.0,2.0,5.0,2.0,0.125542,296.0,11.587,0.408,0.0,0.408,212.0,0.0,3,0,0,0,0,2,5.0,2.0,0.0628271,82.0,8.429,0.069,0.0,0.069,poly_reg
poly_reg_16,1.0,0.0,279.0,1.0,3.0,0.0,0.0,1.0,0.0,2.0,6.0,2.0,18.1967,295.0,12.209,0.426,0.112,0.538,212.0,0.0,3,0,0,0,0,2,5.0,2.0,0.0628271,82.0,8.965,0.138,0.0,0.138,poly_reg
poly_reg_32,0.0,1.0,40009.0,0.0,3.0,0.0,0.0,0.0,0.0,2.0,5.0,2.0,,,5.492,,,,212.0,0.0,3,0,0,0,0,2,5.0,2.0,0.0628271,82.0,8.855,0.081,0.0,0.081,poly_reg
poly_reg_32,0.2,0.8,212.0,0.0,3.0,0.0,0.0,0.0,0.0,2.0,5.0,2.0,0.125542,296.0,12.111,0.408,0.0,0.408,212.0,0.0,3,0,0,0,0,2,5.0,2.0,0.0628271,82.0,9.209,0.079,0.0,0.079,poly_reg
poly_reg_32,0.5,0.5,212.0,0.0,3.0,0.0,0.0,0.0,0.0,2.0,5.0,2.0,0.125542,296.0,12.19,0.408,0.0,0.408,212.0,0.0,3,0,0,0,0,2,5.0,2.0,0.0628271,83.0,9.872,0.071,0.0,0.071,poly_reg
poly_reg_32,0.8,0.2,212.0,0.0,3.0,0.0,0.0,0.0,0.0,2.0,5.0,2.0,0.125542,296.0,12.2,0.408,0.0,0.408,212.0,0.0,3,0,0,0,0,2,5.0,2.0,0.0628271,83.0,9.491,0.119,0.0,0.119,poly_reg
poly_reg_32,1.0,0.0,212.0,0.0,3.0,0.0,0.0,0.0,0.0,2.0,5.0,2.0,0.125542,296.0,12.099,0.408,0.0,0.408,212.0,0.0,3,0,0,0,0,2,5.0,2.0,0.0628271,82.0,9.561,0.069,0.0,0.069,poly_reg
poly_reg_4,0.0,1.0,5009.0,0.0,3.0,0.0,0.0,0.0,0.0,2.0,5.0,2.0,,,5.271,,,,212.0,0.0,3,0,0,0,0,2,5.0,2.0,0.0628271,83.0,7.295,0.078,0.0,0.078,poly_reg
poly_reg_4,0.2,0.8,212.0,0.0,3.0,0.0,0.0,0.0,0.0,2.0,5.0,2.0,0.125542,296.0,11.23,0.408,0.0,0.408,212.0,0.0,3,0,0,0,0,2,5.0,2.0,0.0628271,82.0,8.218,0.09,0.0,0.09,poly_reg
poly_reg_4,0.5,0.5,212.0,0.0,3.0,0.0,0.0,0.0,0.0,2.0,5.0,2.0,0.125542,296.0,11.166,0.409,0.0,0.409,212.0,0.0,3,0,0,0,0,2,5.0,2.0,0.0628271,82.0,9.425,0.118,0.0,0.118,poly_reg
poly_reg_4,0.8,0.2,334.0,2.0,3.0,0.0,0.0,2.0,0.0,2.0,7.0,2.0,36.2679,295.0,11.679,0.443,0.224,0.666,212.0,0.0,3,0,0,0,0,2,5.0,2.0,0.0628271,82.0,8.674,0.087,0.0,0.087,poly_reg
poly_reg_4,1.0,0.0,449.0,3.0,3.0,0.0,0.0,3.0,0.0,2.0,8.0,2.0,54.3391,295.0,12.454,0.483,0.335,0.818,212.0,0.0,3,0,0,0,0,2,5.0,2.0,0.0628271,82.0,7.903,0.095,0.0,0.095,poly_reg
poly_reg_8,0.0,1.0,10009.0,0.0,3.0,0.0,0.0,0.0,0.0,2.0,5.0,2.0,,,5.063,,,,212.0,0.0,3,0,0,0,0,2,5.0,2.0,0.0628271,82.0,8.065,0.092,0.0,0.092,poly_reg
poly_reg_8,0.2,0.8,212.0,0.0,3.0,0.0,0.0,0.0,0.0,2.0,5.0,2.0,0.125542,296.0,11.284,0.408,0.0,0.408,212.0,0.0,3,0,0,0,0,2,5.0,2.0,0.0628271,83.0,7.968,0.07,0.0,0.07,poly_reg
poly_reg_8,0.5,0.5,212.0,0.0,3.0,0.0,0.0,0.0,0.0,2.0,5.0,2.0,0.125542,296.0,11.314,0.408,0.0,0.408,212.0,0.0,3,0,0,0,0,2,5.0,2.0,0.0628271,82.0,7.555,0.15,0.0,0.15,poly_reg
poly_reg_8,0.8,0.2,354.0,2.0,3.0,0.0,0.0,2.0,0.0,2.0,7.0,2.0,36.2679,295.0,12.238,0.443,0.224,0.666,212.0,0.0,3,0,0,0,0,2,5.0,2.0,0.0628271,82.0,8.006,0.069,0.0,0.069,poly_reg
poly_reg_8,1.0,0.0,354.0,2.0,3.0,0.0,0.0,2.0,0.0,2.0,7.0,2.0,36.2679,295.0,12.257,0.443,0.223,0.666,212.0,0.0,3,0,0,0,0,2,5.0,2.0,0.0628271,82.0,8.583,0.093,0.0,0.093,poly_reg
roberts_cross_4,0.0,1.0,31007.0,0.0,6.0,0.0,0.0,0.0,2.0,3.0,6.0,1.0,,,5.943,,,,31007.0,0.0,6,0,0,0,2,3,6.0,1.0,0.0628271,113.0,14.453,0.209,0.0,0.209,roberts_cross
roberts_cross_4,0.2,0.8,214.0,0.0,1.0,3.0,0.0,0.0,2.0,2.0,4.0,1.0,0.125542,327.0,12.962,0.408,0.0,0.408,27771.0,0.0,8,0,0,0,63,2,65.0,1.0,0.0628271,113.0,30.656,0.093,0.0,0.093,roberts_cross
roberts_cross_4,0.5,0.5,214.0,0.0,1.0,3.0,0.0,0.0,2.0,2.0,4.0,1.0,0.125542,327.0,13.459,0.408,0.0,0.408,17725.0,0.0,8,0,0,0,17,2,19.0,1.0,0.0628271,113.0,27.16,0.189,0.0,0.189,roberts_cross
roberts_cross_4,0.8,0.2,181.0,1.0,3.0,0.0,0.0,1.0,3.0,1.0,5.0,1.0,18.1967,328.0,13.544,0.262,0.112,0.374,10712.0,0.0,6,0,0,0,3,2,5.0,1.0,0.0628271,113.0,9.655,0.082,0.0,0.082,roberts_cross
roberts_cross_4,1.0,0.0,181.0,1.0,3.0,0.0,0.0,1.0,3.0,1.0,5.0,1.0,18.1967,327.0,13.618,0.262,0.112,0.374,10712.0,0.0,6,0,0,0,3,2,5.0,1.0,0.0628271,113.0,10.07,0.147,0.0,0.147,roberts_cross
sort_3,0.0,1.0,5012.0,0.0,0.0,0.0,0.0,0.0,0.0,0.0,0.0,0.0,,,0.0,,,,5012.0,0.0,8,0,0,0,3,10,8.0,3.0,0.0628271,50.0,8.415,0.345,0.0,0.345,sort
sort_3,0.2,0.8,5262.0,0.0,0.0,0.0,0.0,0.0,0.0,0.0,0.0,0.0,,,0.0,,,,23833.0,0.0,8,0,0,0,3,10,8.0,3.0,0.0628271,50.0,32.835,0.686,0.0,0.686,sort
sort_3,0.5,0.5,4667.0,1.0,0.0,0.0,0.0,0.0,0.0,0.0,0.0,0.0,,,0.0,,,,23833.0,0.0,8,0,0,0,3,10,8.0,3.0,0.0628271,50.0,39.836,0.555,0.0,0.555,sort
sort_3,0.8,0.2,3171.0,2.0,0.0,0.0,0.0,0.0,0.0,0.0,0.0,0.0,,,0.0,,,,2918.0,2.0,11,1,0,2,4,7,12.0,3.0,5.08319,49.0,14.24,0.307,0.036,0.343,sort
sort_3,1.0,0.0,912.0,5.0,0.0,0.0,0.0,0.0,0.0,0.0,0.0,0.0,,,0.0,,,,3166.0,2.0,13,0,0,2,5,7,12.0,3.0,5.08319,49.0,35.677,0.247,0.054,0.301,sort
