benchmark,w_ops,w_keys,add,sub,multiply_plain,rotate_rows,negate,multiply,Depth,Multplicative Depth,compile_time (s),circuit_execution_time (s),galois_keys_generation_time (s),total_execution_time (s),Remaining_noise_budget,rotation_key_size (MB),Final_Cost
max_3,1.0,0.0,2,1,0,4,0,2,9,2,11.772,0.501,0.446,0.947,292.5,72.4103,505.0
max_3,0.9,0.1,2,1,0,3,0,2,8,2,11.298,0.482,0.334,0.816,295.0,54.3391,389.0
max_3,0.8,0.2,2,1,0,3,0,2,8,2,11.378,0.482,0.334,0.816,295.0,54.3391,389.0
max_3,0.7,0.3,7,1,0,3,2,4,10,2,17.955,0.869,0.227,1.096,295.0,36.2679
max_3,0.6,0.4,8,0,0,1,3,5,8,2,14.831,0.961,0.115,1.076,295.0,18.1967
max_3,0.5,0.5,8,0,0,1,3,5,8,2,14.731,0.961,0.116,1.077,295.0,18.1967
max_3,0.4,0.6,6,0,0,0,3,6,6,2,13.925,1.019,0.000,1.019,295.0,0.125542
max_3,0.3,0.7,6,0,0,0,3,6,6,2,13.780,1.020,0.000,1.020,295.0,0.125542
max_3,0.2,0.8,6,0,0,0,3,6,6,2,13.879,1.021,0.000,1.021,295.0,0.125542
max_3,0.1,0.9,6,0,0,0,3,6,6,2,13.783,1.016,0.000,1.016,295.0,0.125542
max_4,1.0,0.0,3,1,0,5,0,3,12,3,33.132,0.720,0.570,1.290,262.0,90.4814,917.0
max_4,0.9,0.1,5,2,0,4,1,5,11,3,22.475,1.084,0.456,1.540,262.0,72.4103,812.0
max_4,0.8,0.2,9,0,0,2,4,7,11,3,14.674,1.337,0.228,1.565,262.0,36.2679,1078.0
max_4,0.7,0.3,17,1,0,3,6,11,12,3,24.744,2.126,0.228,2.355,262.0,36.2679
max_4,0.6,0.4
max_4,0.5,0.5,16,0,0,1,7,13,10,3,17.827,2.248,0.115,2.363,262.0,18.1967
max_4,0.4,0.6,12,0,0,0,6,12,8,3,14.545,1.965,0.000,1.965,262.0,0.125542
max_4,0.3,0.7,12,0,0,0,6,12,8,3,14.588,1.969,0.000,1.969,262.0,0.125542
max_4,0.2,0.8,12,0,0,0,6,12,8,3,14.552,1.966,0.000,1.966,262.0,0.125542
max_4,0.1,0.9,12,0,0,0,6,12,8,3,14.622,1.963,0.000,1.963,262.0,0.125542
max_5,1.0,0.0,12,2,0,5,4,12,14,4,305.018,2.347,0.453,2.800,228.5,72.4103,1636.0
max_5,0.9,0.1,13,2,0,4,5,13,14,4,167.662,2.479,0.452,2.931,228.5,72.4103,1623.0
max_5,0.8,0.2
max_5,0.7,0.3,33,1,0,3,14,27,14,4,49.714,4.758,0.231,4.989,228.5,36.2679
max_5,0.6,0.4
max_5,0.5,0.5,28,0,0,1,13,25,12,4,27.084,4.186,0.117,4.303,228.5,18.1967
max_5,0.4,0.6,20,0,0,0,10,20,10,4,18.475,3.260,0.000,3.260,229.0,0.125542
max_5,0.3,0.7,20,0,0,0,10,20,10,4,18.665,3.247,0.000,3.247,229.0,0.125542
max_5,0.2,0.8,20,0,0,0,10,20,10,4,18.714,3.243,0.000,3.243,229.0,0.125542
max_5,0.1,0.9,20,0,0,0,10,20,10,4,18.702,3.246,0.000,3.246,229.0,0.125542
sort_3,1.0,0.0
sort_3,0.9,0.1
sort_3,0.8,0.2
sort_3,0.7,0.3
sort_3,0.6,0.4
sort_3,0.5,0.5
sort_3,0.4,0.6
sort_3,0.3,0.7
sort_3,0.2,0.8
sort_3,0.1,0.9
box_blur_4,1.0,0.0,5,0,0,1,0,0,5,0,12.773,0.168,0.114,0.282,357.0,18.1967,79.0
box_blur_4,0.9,0.1,5,0,0,1,0,0,5,0,13.001,0.168,0.115,0.282,357.0,18.1967,79.0
box_blur_4,0.8,0.2,8,0,0,0,0,0,4,0,12.706,0.225,0.000,0.225,359.0,0.125542,14.0
box_blur_4,0.7,0.3,8,0,0,0,0,0,4,0,12.767,0.225,0.000,0.225,359.5,0.125542,14.0
box_blur_4,0.6,0.4,8,0,0,0,0,0,4,0,12.647,0.224,0.000,0.224,359.0,0.125542,14.0
box_blur_4,0.5,0.5,8,0,0,0,0,0,4,0,12.734,0.221,0.000,0.221,359.0,0.125542,14.0
box_blur_4,0.4,0.6,8,0,0,0,0,0,4,0,12.908,0.227,0.000,0.227,359.0,0.125542,14.0
box_blur_4,0.3,0.7,8,0,0,0,0,0,4,0,12.997,0.227,0.000,0.227,359.0,0.125542,14.0
box_blur_4,0.2,0.8,8,0,0,0,0,0,5,0,12.940,0.227,0.000,0.227,359.0,0.125542,15.0
box_blur_4,0.1,0.9,8,0,0,0,0,0,6,0,13.250,0.227,0.000,0.227,359.0,0.125542,16.0
box_blur_8,1.0,0.0
box_blur_8,0.9,0.1
box_blur_8,0.8,0.2
box_blur_8,0.7,0.3
box_blur_8,0.6,0.4
box_blur_8,0.5,0.5
box_blur_8,0.4,0.6
box_blur_8,0.3,0.7
box_blur_8,0.2,0.8
box_blur_8,0.1,0.9
box_blur_16,1.0,0.0
box_blur_16,0.9,0.1
box_blur_16,0.8,0.2
box_blur_16,0.7,0.3
box_blur_16,0.6,0.4
box_blur_16,0.5,0.5
box_blur_16,0.4,0.6
box_blur_16,0.3,0.7
box_blur_16,0.2,0.8
box_blur_16,0.1,0.9
box_blur_32,1.0,0.0
box_blur_32,0.9,0.1
box_blur_32,0.8,0.2
box_blur_32,0.7,0.3
box_blur_32,0.6,0.4
box_blur_32,0.5,0.5
box_blur_32,0.4,0.6
box_blur_32,0.3,0.7
box_blur_32,0.2,0.8
box_blur_32,0.1,0.9
lin_reg_4,1.0,0.0,2,0,0,2,0,1,5,1,15.219,0.286,0.229,0.515,327.0,36.2679,232.0
lin_reg_4,0.9,0.1,2,0,0,2,0,1,5,1,11.847,0.286,0.229,0.515,327.0,36.2679,232.0
lin_reg_4,0.8,0.2,2,0,0,1,0,1,4,1,12.016,0.244,0.115,0.360,328.0,18.1967,164.0
lin_reg_4,0.7,0.3,2,0,1,0,0,1,3,1,11.788,0.055,0.000,0.055,359.0,0.125542,108.0
lin_reg_4,0.6,0.4,2,0,1,0,0,1,3,1,11.825,0.055,0.000,0.055,359.0,0.125542,108.0
lin_reg_4,0.5,0.5,2,0,1,0,0,1,3,1,11.856,0.055,0.000,0.055,358.5,0.125542,108.0
lin_reg_4,0.4,0.6,2,0,1,0,0,1,3,1,12.344,0.055,0.000,0.055,359.0,0.125542,108.0
lin_reg_4,0.3,0.7,2,0,1,0,0,1,3,1,11.868,0.055,0.000,0.055,359.0,0.125542,108.0
lin_reg_4,0.2,0.8,2,0,1,0,0,1,3,1,12.179,0.055,0.000,0.055,359.0,0.125542,108.0
lin_reg_4,0.1,0.9,2,0,1,0,0,1,3,1,11.749,0.055,0.000,0.055,359.0,0.125542,108.0
lin_reg_8,1.0,0.0,2,0,0,2,0,1,5,1,12.076,0.286,0.228,0.514,327.5,36.2679,252.0
lin_reg_8,0.9,0.1,2,0,0,2,0,1,5,1,12.144,0.285,0.228,0.513,327.0,36.2679,252.0
lin_reg_8,0.8,0.2,2,0,0,2,0,1,5,1,11.965,0.286,0.229,0.516,327.0,36.2679,252.0
lin_reg_8,0.7,0.3,2,0,1,0,0,1,3,1,11.810,0.055,0.000,0.055,359.0,0.125542,108.0
lin_reg_8,0.6,0.4,2,0,1,0,0,1,3,1,11.979,0.055,0.000,0.055,359.0,0.125542,108.0
lin_reg_8,0.5,0.5,2,0,1,0,0,1,3,1,11.974,0.055,0.000,0.055,358.5,0.125542,108.0
lin_reg_8,0.4,0.6,2,0,1,0,0,1,3,1,11.969,0.055,0.000,0.055,359.0,0.125542,108.0
lin_reg_8,0.3,0.7,2,0,1,0,0,1,3,1,11.921,0.055,0.000,0.055,359.0,0.125542,108.0
lin_reg_8,0.2,0.8,2,0,1,0,0,1,3,1,11.785,0.055,0.000,0.055,358.5,0.125542,108.0
lin_reg_8,0.1,0.9,2,0,1,0,0,1,3,1,11.902,0.055,0.000,0.055,359.0,0.125542,108.0
lin_reg_16,1.0,0.0,2,0,0,1,0,1,4,1,12.113,0.244,0.115,0.359,328.0,18.1967,176.0
lin_reg_16,0.9,0.1,2,0,0,1,0,1,4,1,12.137,0.244,0.115,0.359,328.0,18.1967,176.0
lin_reg_16,0.8,0.2,2,0,0,1,0,1,4,1,12.548,0.244,0.115,0.359,328.0,18.1967,176.0
lin_reg_16,0.7,0.3,2,0,1,0,0,1,3,1,12.068,0.055,0.000,0.055,359.0,0.125542,108.0
lin_reg_16,0.6,0.4,2,0,1,0,0,1,3,1,11.979,0.055,0.000,0.055,359.0,0.125542,108.0
lin_reg_16,0.5,0.5,2,0,1,0,0,1,3,1,11.815,0.055,0.000,0.055,358.0,0.125542,108.0
lin_reg_16,0.4,0.6,2,0,1,0,0,1,3,1,11.822,0.055,0.000,0.055,359.0,0.125542,108.0
lin_reg_16,0.3,0.7,2,0,1,0,0,1,3,1,11.800,0.055,0.000,0.055,359.0,0.125542,108.0
lin_reg_16,0.2,0.8,2,0,1,0,0,1,3,1,12.172,0.055,0.000,0.055,359.0,0.125542,108.0
lin_reg_16,0.1,0.9,2,0,1,0,0,1,3,1,12.315,0.055,0.000,0.055,359.0,0.125542,108.0
lin_reg_32,1.0,0.0,2,0,1,0,0,1,3,1,12.372,0.055,0.000,0.055,359.0,0.125542,108.0
lin_reg_32,0.9,0.1,2,0,1,0,0,1,3,1,12.203,0.055,0.000,0.055,359.0,0.125542,108.0
lin_reg_32,0.8,0.2,2,0,1,0,0,1,3,1,12.221,0.055,0.000,0.055,358.5,0.125542,108.0
lin_reg_32,0.7,0.3,2,0,1,0,0,1,3,1,12.274,0.055,0.000,0.055,358.5,0.125542,108.0
lin_reg_32,0.6,0.4,2,0,1,0,0,1,3,1,12.139,0.055,0.000,0.055,358.5,0.125542,108.0
lin_reg_32,0.5,0.5,2,0,1,0,0,1,3,1,12.233,0.055,0.000,0.055,359.0,0.125542,108.0
lin_reg_32,0.4,0.6,2,0,1,0,0,1,3,1,12.249,0.054,0.000,0.054,359.0,0.125542,108.0
lin_reg_32,0.3,0.7,2,0,1,0,0,1,3,1,12.072,0.054,0.000,0.054,359.0,0.125542,108.0
lin_reg_32,0.2,0.8,2,0,1,0,0,1,3,1,12.063,0.054,0.000,0.054,359.0,0.125542,108.0
lin_reg_32,0.1,0.9,2,0,1,0,0,1,3,1,12.258,0.054,0.000,0.054,359.0,0.125542,108.0
hamming_dist_4,1.0,0.0,3,1,0,4,0,2,8,2,12.351,0.529,0.336,0.866,295.0,54.3391,456.0
hamming_dist_4,0.9,0.1,4,1,0,3,0,3,8,2,12.163,0.677,0.336,1.013,295.0,54.3391,639.0
hamming_dist_4,0.8,0.2,4,1,0,2,0,3,8,2,12.138,0.660,0.224,0.884,295.0,36.2679,572.0
hamming_dist_4,0.7,0.3,6,2,1,1,0,5,7,2,12.032,0.806,0.113,0.919,295.0,18.1967,868.0
hamming_dist_4,0.6,0.4,6,2,1,1,0,5,7,2,12.057,0.809,0.113,0.922,295.0,18.1967,868.0
hamming_dist_4,0.5,0.5,6,2,1,1,0,5,7,2,12.299,0.821,0.116,0.936,295.0,18.1967,868.0
hamming_dist_4,0.4,0.6,7,4,4,0,0,8,5,2,14.068,0.782,0.000,0.782,326.0,0.125542
hamming_dist_4,0.3,0.7,7,4,4,0,0,8,5,2,14.365,0.784,0.000,0.784,327.0,0.125542
hamming_dist_4,0.2,0.8,7,4,4,0,0,8,5,2,14.276,0.783,0.000,0.783,326.5,0.125542
hamming_dist_4,0.1,0.9,7,4,4,0,0,8,5,2,14.267,0.783,0.000,0.783,326.0,0.125542
hamming_dist_8,1.0,0.0,4,1,0,5,0,2,10,2,15.743,0.582,0.459,1.041,294.5,72.4103,622.0
hamming_dist_8,0.9,0.1,5,1,0,4,0,3,10,2,14.908,0.735,0.459,1.194,294.0,72.4103,757.0
hamming_dist_8,0.8,0.2,6,2,1,2,0,5,9,2,13.721,0.861,0.229,1.090,295.0,36.2679,776.0
hamming_dist_8,0.7,0.3,12,4,3,1,0,9,9,2,21.028,1.204,0.115,1.319,295.0,18.1967
hamming_dist_8,0.6,0.4,12,4,3,1,0,9,9,2,20.397,1.203,0.115,1.318,295.0,18.1967
hamming_dist_8,0.5,0.5,12,4,3,1,0,9,9,2,21.206,1.204,0.115,1.318,295.0,18.1967
hamming_dist_8,0.4,0.6,15,8,8,0,0,16,6,2,16.536,1.552,0.000,1.552,326.0,0.125542
hamming_dist_8,0.3,0.7,15,8,8,0,0,16,6,2,16.087,1.553,0.000,1.553,326.0,0.125542
hamming_dist_8,0.2,0.8,15,8,8,0,0,16,6,2,16.667,1.551,0.000,1.551,326.0,0.125542
hamming_dist_8,0.1,0.9,15,8,8,0,0,16,6,2,16.618,1.565,0.000,1.566,326.0,0.125542
hamming_dist_16,1.0,0.0,6,1,0,5,0,3,12,2,43.448,0.782,0.579,1.360,294.0,90.4814,1067.0
hamming_dist_16,0.9,0.1,6,1,0,4,0,3,12,2,38.603,0.762,0.462,1.224,294.0,72.4103,760.0
hamming_dist_16,0.8,0.2,25,9,7,2,0,19,12,2,32.818,2.342,0.230,2.572,294.0,36.2679
hamming_dist_16,0.7,0.3,22,8,7,1,0,17,12,2,33.348,1.982,0.116,2.098,295.0,18.1967
hamming_dist_16,0.6,0.4,20,8,7,1,0,17,13,2,32.338,1.986,0.117,2.103,295.0,18.1967
hamming_dist_16,0.5,0.5,20,8,7,1,0,17,13,2,33.495,1.985,0.117,2.101,295.0,18.1967
hamming_dist_16,0.4,0.6,31,16,16,0,0,32,7,2,21.655,3.129,0.000,3.129,325.0,0.125542
hamming_dist_16,0.3,0.7,31,16,16,0,0,32,7,2,22.555,3.130,0.000,3.130,325.0,0.125542
hamming_dist_16,0.2,0.8,31,16,16,0,0,32,7,2,22.215,3.129,0.000,3.129,325.5,0.125542
hamming_dist_16,0.1,0.9,31,16,16,0,0,32,7,2,22.706,3.119,0.000,3.119,325.0,0.125542
hamming_dist_32,1.0,0.0,7,1,0,5,0,3,14,2,361.765,0.789,0.566,1.355,292.0,90.4814,1070.0
hamming_dist_32,0.9,0.1,7,1,0,5,0,3,14,2,363.081,0.788,0.562,1.349,292.5,90.4814,1070.0
hamming_dist_32,0.8,0.2,34,16,15,1,0,33,10,2,74.757,3.456,0.112,3.569,295.0,18.1967
hamming_dist_32,0.7,0.3,34,16,15,1,0,33,10,2,74.541,3.450,0.112,3.563,295.0,18.1967
hamming_dist_32,0.6,0.4,34,16,15,1,0,33,10,2,74.031,3.492,0.114,3.606,295.0,18.1967
hamming_dist_32,0.5,0.5,34,16,15,1,0,33,10,2,77.597,3.524,0.116,3.640,295.0,18.1967
hamming_dist_32,0.4,0.6,34,16,15,1,0,33,10,2,74.919,3.511,0.115,3.626,295.0,18.1967
hamming_dist_32,0.3,0.7,63,32,32,0,0,64,8,2,36.438,6.152,0.000,6.152,325.0,0.125542
hamming_dist_32,0.2,0.8,63,32,32,0,0,64,8,2,36.347,6.138,0.000,6.138,325.0,0.125542
hamming_dist_32,0.1,0.9,63,32,32,0,0,64,8,2,35.978,6.138,0.000,6.138,325.0,0.125542
dot_product_4,1.0,0.0,2,0,0,3,0,1,6,1,15.355,0.298,0.334,0.632,324.5,54.3391,285.0
dot_product_4,0.9,0.1,2,0,0,3,0,1,6,1,11.961,0.304,0.343,0.646,324.5,54.3391,285.0
dot_product_4,0.8,0.2,2,0,0,2,0,1,5,1,11.772,0.287,0.230,0.517,327.0,36.2679,217.0
dot_product_4,0.7,0.3,2,0,0,1,0,2,4,1,12.066,0.435,0.116,0.551,328.0,18.1967,261.0
dot_product_4,0.6,0.4,2,0,0,1,0,2,4,1,12.021,0.435,0.116,0.551,327.5,18.1967,261.0
dot_product_4,0.5,0.5,2,0,0,1,0,2,4,1,12.219,0.435,0.116,0.550,327.0,18.1967,261.0
dot_product_4,0.4,0.6,3,0,0,0,0,4,3,1,12.097,0.773,0.000,0.773,328.0,0.125542,1756.0
dot_product_4,0.3,0.7,3,0,0,0,0,4,3,1,12.132,0.776,0.000,0.776,327.5,0.125542,1756.0
dot_product_4,0.2,0.8,3,0,0,0,0,4,3,1,12.023,0.776,0.000,0.776,327.0,0.125542,1756.0
dot_product_4,0.1,0.9,3,0,0,0,0,4,3,1,12.096,0.775,0.000,0.775,328.0,0.125542,1756.0
dot_product_8,1.0,0.0,3,0,0,4,0,1,8,1,12.517,0.346,0.455,0.801,324.0,72.4103,403.0
dot_product_8,0.9,0.1,3,0,0,4,0,1,8,1,12.395,0.345,0.456,0.801,324.0,72.4103,403.0
dot_product_8,0.8,0.2,3,0,0,3,0,1,7,1,12.499,0.327,0.343,0.670,326.5,54.3391,287.0
dot_product_8,0.7,0.3,4,0,0,1,0,4,5,1,12.490,0.817,0.115,0.932,327.0,18.1967,464.0
dot_product_8,0.6,0.4,4,0,0,1,0,4,5,1,12.386,0.816,0.115,0.930,327.0,18.1967,464.0
dot_product_8,0.5,0.5,6,0,0,1,0,4,6,1,12.412,0.819,0.116,0.935,327.0,18.1967,465.0
dot_product_8,0.4,0.6,7,0,0,0,0,8,4,1,13.797,1.545,0.000,1.545,327.0,0.125542
dot_product_8,0.3,0.7,7,0,0,0,0,8,4,1,13.919,1.545,0.000,1.545,327.0,0.125542
dot_product_8,0.2,0.8,7,0,0,0,0,8,4,1,14.076,1.536,0.000,1.536,327.0,0.125542
dot_product_8,0.1,0.9,7,0,0,0,0,8,4,1,14.156,1.540,0.000,1.540,327.0,0.125542
dot_product_16,1.0,0.0,4,0,0,5,0,1,10,1,14.922,0.385,0.568,0.953,324.0,90.4814,713.0
dot_product_16,0.9,0.1,4,0,0,4,0,1,9,1,14.273,0.369,0.456,0.825,326.0,72.4103,405.0
dot_product_16,0.8,0.2,10,0,0,3,0,4,11,1,13.717,0.897,0.114,1.011,326.5,18.1967,573.0
dot_product_16,0.7,0.3,14,0,0,1,0,8,14,1,18.813,1.577,0.114,1.691,326.0,18.1967
dot_product_16,0.6,0.4,13,0,0,1,0,8,12,1,18.823,1.572,0.114,1.686,326.5,18.1967
dot_product_16,0.5,0.5,8,0,0,1,0,8,10,1,17.473,1.572,0.115,1.687,326.0,18.1967
dot_product_16,0.4,0.6,15,0,0,0,0,16,5,1,14.928,3.023,0.000,3.023,326.0,0.125542
dot_product_16,0.3,0.7,15,0,0,0,0,16,5,1,14.830,3.026,0.000,3.027,326.0,0.125542
dot_product_16,0.2,0.8,15,0,0,0,0,16,5,1,14.758,3.022,0.000,3.022,326.5,0.125542
dot_product_16,0.1,0.9,15,0,0,0,0,16,5,1,14.800,3.020,0.000,3.020,326.0,0.125542
dot_product_32,1.0,0.0,5,0,0,5,0,1,11,1,35.174,0.407,0.558,0.965,325.5,90.4814,715.0
dot_product_32,0.9,0.1,5,0,0,4,0,2,10,1,24.635,0.553,0.447,1.000,325.5,72.4103,507.0
dot_product_32,0.8,0.2,16,0,0,1,0,16,12,1,26.619,3.051,0.112,3.164,326.0,18.1967
dot_product_32,0.7,0.3,16,0,0,1,0,16,15,1,24.729,3.051,0.113,3.164,326.0,18.1967
dot_product_32,0.6,0.4,16,0,0,1,0,16,15,1,26.329,3.052,0.113,3.164,326.0,18.1967
dot_product_32,0.5,0.5,16,0,0,1,0,16,15,1,24.353,3.033,0.112,3.145,326.0,18.1967
dot_product_32,0.4,0.6,31,0,0,0,0,32,6,1,17.870,5.958,0.000,5.958,326.0,0.125542
dot_product_32,0.3,0.7,31,0,0,0,0,32,6,1,17.873,5.957,0.000,5.957,326.0,0.125542
dot_product_32,0.2,0.8,31,0,0,0,0,32,6,1,17.899,5.957,0.000,5.957,326.0,0.125542
dot_product_32,0.1,0.9,31,0,0,0,0,32,6,1,18.326,5.959,0.000,5.959,326.0,0.125542
poly_reg_4,1.0,0.0,3,0,0,3,0,2,8,2,12.454,0.483,0.335,0.818,295.0,54.3391,452.0
poly_reg_4,0.9,0.1,3,0,0,2,0,2,7,2,11.612,0.443,0.223,0.666,295.0,36.2679,336.0
poly_reg_4,0.8,0.2,3,0,0,2,0,2,7,2,11.679,0.443,0.224,0.666,295.0,36.2679,336.0
poly_reg_4,0.7,0.3,3,0,0,0,0,2,5,2,11.306,0.409,0.000,0.409,296.0,0.125542,212.0
poly_reg_4,0.6,0.4,3,0,0,0,0,2,5,2,11.243,0.409,0.000,0.409,296.0,0.125542,212.0
poly_reg_4,0.5,0.5,3,0,0,0,0,2,5,2,11.166,0.409,0.000,0.409,296.0,0.125542,212.0
poly_reg_4,0.4,0.6,3,0,0,0,0,2,5,2,11.232,0.408,0.000,0.408,296.0,0.125542,212.0
poly_reg_4,0.3,0.7,3,0,0,0,0,2,5,2,11.229,0.409,0.000,0.409,296.0,0.125542,212.0
poly_reg_4,0.2,0.8,3,0,0,0,0,2,5,2,11.230,0.408,0.000,0.408,296.0,0.125542,212.0
poly_reg_4,0.1,0.9,3,0,0,0,0,2,5,2,11.277,0.408,0.000,0.409,296.0,0.125542,212.0
poly_reg_8,1.0,0.0,3,0,0,2,0,2,7,2,12.257,0.443,0.223,0.666,295.0,36.2679,356.0
poly_reg_8,0.9,0.1,3,0,0,2,0,2,7,2,12.267,0.443,0.223,0.666,295.0,36.2679,356.0
poly_reg_8,0.8,0.2,3,0,0,2,0,2,7,2,12.238,0.443,0.224,0.666,295.0,36.2679,356.0
poly_reg_8,0.7,0.3,3,0,0,0,0,2,5,2,11.394,0.408,0.000,0.408,296.0,0.125542,212.0
poly_reg_8,0.6,0.4,3,0,0,0,0,2,5,2,11.411,0.408,0.000,0.408,296.0,0.125542,212.0
poly_reg_8,0.5,0.5,3,0,0,0,0,2,5,2,11.314,0.408,0.000,0.408,296.0,0.125542,212.0
poly_reg_8,0.4,0.6,3,0,0,0,0,2,5,2,11.357,0.408,0.000,0.408,296.0,0.125542,212.0
poly_reg_8,0.3,0.7,3,0,0,0,0,2,5,2,11.345,0.408,0.000,0.408,296.0,0.125542,212.0
poly_reg_8,0.2,0.8,3,0,0,0,0,2,5,2,11.284,0.408,0.000,0.408,296.0,0.125542,212.0
poly_reg_8,0.1,0.9,3,0,0,0,0,2,5,2,11.348,0.408,0.000,0.408,296.0,0.125542,212.0
poly_reg_16,1.0,0.0,3,0,0,1,0,2,6,2,12.209,0.426,0.112,0.538,295.0,18.1967,280.0
poly_reg_16,0.9,0.1,3,0,0,1,0,2,6,2,14.398,0.426,0.112,0.537,295.0,18.1967,280.0
poly_reg_16,0.8,0.2,3,0,0,0,0,2,5,2,11.587,0.408,0.000,0.408,296.0,0.125542,212.0
poly_reg_16,0.7,0.3,3,0,0,0,0,2,5,2,11.600,0.408,0.000,0.408,296.0,0.125542,212.0
poly_reg_16,0.6,0.4,3,0,0,0,0,2,5,2,11.546,0.408,0.000,0.408,296.0,0.125542,212.0
poly_reg_16,0.5,0.5,3,0,0,0,0,2,5,2,11.590,0.408,0.000,0.408,296.0,0.125542,212.0
poly_reg_16,0.4,0.6,3,0,0,0,0,2,5,2,11.616,0.408,0.000,0.408,296.0,0.125542,212.0
poly_reg_16,0.3,0.7,3,0,0,0,0,2,5,2,11.564,0.408,0.000,0.408,296.0,0.125542,212.0
poly_reg_16,0.2,0.8,3,0,0,0,0,2,5,2,11.574,0.408,0.000,0.408,296.0,0.125542,212.0
poly_reg_16,0.1,0.9,3,0,0,0,0,2,5,2,11.624,0.408,0.000,0.408,296.0,0.125542,212.0
poly_reg_32,1.0,0.0,3,0,0,0,0,2,5,2,12.099,0.408,0.000,0.408,296.0,0.125542,212.0
poly_reg_32,0.9,0.1,3,0,0,0,0,2,5,2,12.205,0.408,0.000,0.408,296.0,0.125542,212.0
poly_reg_32,0.8,0.2,3,0,0,0,0,2,5,2,12.200,0.408,0.000,0.408,296.0,0.125542,212.0
poly_reg_32,0.7,0.3,3,0,0,0,0,2,5,2,12.100,0.408,0.000,0.408,296.0,0.125542,212.0
poly_reg_32,0.6,0.4,3,0,0,0,0,2,5,2,12.178,0.408,0.000,0.408,296.0,0.125542,212.0
poly_reg_32,0.5,0.5,3,0,0,0,0,2,5,2,12.190,0.408,0.000,0.408,296.0,0.125542,212.0
poly_reg_32,0.4,0.6,3,0,0,0,0,2,5,2,12.165,0.408,0.000,0.408,296.0,0.125542,212.0
poly_reg_32,0.3,0.7,3,0,0,0,0,2,5,2,12.205,0.408,0.000,0.408,296.0,0.125542,212.0
poly_reg_32,0.2,0.8,3,0,0,0,0,2,5,2,12.111,0.408,0.000,0.408,296.0,0.125542,212.0
poly_reg_32,0.1,0.9,3,0,0,0,0,2,4,2,12.240,0.407,0.000,0.407,296.0,0.125542,211.0
l2_distance_4,1.0,0.0,2,1,0,3,0,1,7,1,11.415,0.321,0.335,0.655,324.5,54.3391,287.0
l2_distance_4,0.9,0.1,2,1,0,3,0,1,7,1,11.369,0.321,0.335,0.655,324.5,54.3391,287.0
l2_distance_4,0.8,0.2,2,1,0,2,0,1,6,1,11.331,0.280,0.222,0.502,326.5,36.2679,220.0
l2_distance_4,0.7,0.3,2,2,0,1,0,2,5,1,11.320,0.425,0.112,0.537,327.0,18.1967,266.0
l2_distance_4,0.6,0.4,2,2,0,1,0,2,5,1,11.600,0.425,0.112,0.538,326.5,18.1967,266.0
l2_distance_4,0.5,0.5,2,2,0,1,0,2,5,1,11.391,0.425,0.112,0.537,327.0,18.1967,266.0
l2_distance_4,0.4,0.6,3,4,0,0,0,4,4,1,11.097,0.759,0.000,0.759,326.5,0.125542,3757.0
l2_distance_4,0.3,0.7,3,4,0,0,0,4,4,1,11.097,0.759,0.000,0.759,327.0,0.125542,3757.0
l2_distance_4,0.2,0.8,3,4,0,0,0,4,4,1,12.902,0.759,0.000,0.759,326.0,0.125542
l2_distance_4,0.1,0.9,3,4,0,0,0,4,4,1,12.895,0.759,0.000,0.759,326.5,0.125542
l2_distance_8,1.0,0.0,3,1,0,4,0,1,9,1,13.060,0.362,0.444,0.806,324.0,72.4103,405.0
l2_distance_8,0.9,0.1,3,1,0,4,0,1,9,1,13.003,0.362,0.444,0.806,324.0,72.4103,405.0
l2_distance_8,0.8,0.2,3,2,0,2,0,2,7,1,12.269,0.466,0.223,0.690,326.0,36.2679,324.0
l2_distance_8,0.7,0.3,6,4,0,1,0,4,8,1,17.362,0.800,0.113,0.912,326.0,18.1967
l2_distance_8,0.6,0.4,5,4,0,1,0,4,8,1,17.240,0.799,0.112,0.911,326.0,18.1967
l2_distance_8,0.5,0.5,4,4,0,1,0,4,6,1,16.622,0.800,0.113,0.912,326.0,18.1967
l2_distance_8,0.4,0.6,7,8,0,0,0,8,5,1,14.952,1.544,0.000,1.544,326.0,0.125542
l2_distance_8,0.3,0.7,7,8,0,0,0,8,5,1,15.210,1.543,0.000,1.543,326.0,0.125542
l2_distance_8,0.2,0.8,7,8,0,0,0,8,5,1,15.196,1.548,0.000,1.548,326.0,0.125542
l2_distance_8,0.1,0.9,7,8,0,0,0,8,5,1,15.172,1.541,0.000,1.541,326.0,0.125542
l2_distance_16,1.0,0.0,4,1,0,5,0,1,11,1,35.724,0.412,0.571,0.983,324.0,90.4814,715.0
l2_distance_16,0.9,0.1,4,1,0,4,0,1,10,1,25.010,0.370,0.454,0.824,325.0,72.4103,408.0
l2_distance_16,0.8,0.2,15,8,0,1,0,8,13,1,28.418,1.593,0.116,1.709,325.0,18.1967
l2_distance_16,0.7,0.3,8,8,0,1,0,8,8,1,25.692,1.580,0.115,1.695,325.5,18.1967
l2_distance_16,0.6,0.4,8,8,0,1,0,8,11,1,27.348,1.579,0.115,1.694,325.5,18.1967
l2_distance_16,0.5,0.5,8,8,0,1,0,8,11,1,25.597,1.574,0.114,1.688,325.5,18.1967
l2_distance_16,0.4,0.6,15,16,0,0,0,16,6,1,19.018,3.046,0.000,3.046,325.0,0.125542
l2_distance_16,0.3,0.7,15,16,0,0,0,16,6,1,19.244,3.053,0.000,3.053,325.5,0.125542
l2_distance_16,0.2,0.8,15,16,0,0,0,16,6,1,18.890,3.052,0.000,3.052,325.0,0.125542
l2_distance_16,0.1,0.9,15,16,0,0,0,16,6,1,19.181,3.035,0.000,3.035,325.5,0.125542
l2_distance_32,1.0,0.0,5,1,0,5,0,1,12,1,190.726,0.407,0.560,0.967,324.5,90.4814,718.0
l2_distance_32,0.9,0.1,6,4,0,3,0,4,10,1,71.000,0.891,0.335,1.226,325.0,54.3391,601.0
l2_distance_32,0.8,0.2,16,16,0,1,0,16,11,1,56.522,3.060,0.113,3.172,325.0,18.1967
l2_distance_32,0.7,0.3,16,16,0,1,0,16,15,1,56.205,3.056,0.112,3.168,325.0,18.1967
l2_distance_32,0.6,0.4,16,16,0,1,0,16,16,1,56.786,3.114,0.115,3.229,325.0,18.1967
l2_distance_32,0.5,0.5,16,16,0,1,0,16,16,1,59.350,3.099,0.114,3.214,325.0,18.1967
l2_distance_32,0.4,0.6,31,32,0,0,0,32,7,1,30.275,6.119,0.000,6.119,325.0,0.125542
l2_distance_32,0.3,0.7,31,32,0,0,0,32,7,1,30.498,6.123,0.000,6.123,325.0,0.125542
l2_distance_32,0.2,0.8,31,32,0,0,0,32,7,1,30.467,6.129,0.000,6.129,325.0,0.125542
l2_distance_32,0.1,0.9,31,32,0,0,0,32,7,1,30.376,6.124,0.000,6.124,325.0,0.125542
gx_kernel_4,1.0,0.0,4,0,1,1,2,3,6,1,15.805,0.487,0.112,0.599,327.5,18.1967,382.0
gx_kernel_4,0.9,0.1,4,0,1,1,2,4,7,2,14.253,0.648,0.112,0.761,295.0,18.1967,484.0
gx_kernel_4,0.8,0.2,4,0,1,1,2,4,7,2,14.006,0.648,0.112,0.761,295.0,18.1967,484.0
gx_kernel_4,0.7,0.3,5,0,2,0,2,4,6,2,12.432,0.508,0.000,0.508,296.0,0.125542,417.0
gx_kernel_4,0.6,0.4,5,0,2,0,2,4,6,2,12.387,0.508,0.000,0.508,296.0,0.125542,417.0
gx_kernel_4,0.5,0.5,5,0,2,0,2,5,6,3,12.507,0.669,0.000,0.669,276.0,0.125542,518.0
gx_kernel_4,0.4,0.6,5,0,2,0,2,5,6,3,12.457,0.669,0.000,0.669,276.0,0.125542,518.0
gx_kernel_4,0.3,0.7,5,0,2,0,2,5,6,3,12.575,0.669,0.000,0.670,276.0,0.125542,518.0
gx_kernel_4,0.2,0.8,5,0,2,0,2,5,6,3,12.478,0.670,0.000,0.670,276.5,0.125542,518.0
gx_kernel_4,0.1,0.9,3,2,2,0,0,5,6,3,12.888,0.668,0.000,0.668,276.0,0.125542,516.0
gx_kernel_8,1.0,0.0
gx_kernel_8,0.9,0.1
gx_kernel_8,0.8,0.2
gx_kernel_8,0.7,0.3
gx_kernel_8,0.6,0.4
gx_kernel_8,0.5,0.5
gx_kernel_8,0.4,0.6
gx_kernel_8,0.3,0.7
gx_kernel_8,0.2,0.8
gx_kernel_8,0.1,0.9
gx_kernel_16,1.0,0.0
gx_kernel_16,0.9,0.1
gx_kernel_16,0.8,0.2
gx_kernel_16,0.7,0.3
gx_kernel_16,0.6,0.4
gx_kernel_16,0.5,0.5
gx_kernel_16,0.4,0.6
gx_kernel_16,0.3,0.7
gx_kernel_16,0.2,0.8
gx_kernel_16,0.1,0.9
gx_kernel_32,1.0,0.0
gx_kernel_32,0.9,0.1
gx_kernel_32,0.8,0.2
gx_kernel_32,0.7,0.3
gx_kernel_32,0.6,0.4
gx_kernel_32,0.5,0.5
gx_kernel_32,0.4,0.6
gx_kernel_32,0.3,0.7
gx_kernel_32,0.2,0.8
gx_kernel_32,0.1,0.9
gy_kernel_4,1.0,0.0,3,0,0,1,3,3,6,1,13.138,0.613,0.112,0.725,327.0,18.1967,382.0
gy_kernel_4,0.9,0.1,3,0,0,1,3,4,7,2,13.728,0.776,0.112,0.888,295.0,18.1967,484.0
gy_kernel_4,0.8,0.2,7,0,0,1,4,7,7,2,13.923,1.357,0.112,1.469,294.5,18.1967,1285.0
gy_kernel_4,0.7,0.3,6,1,0,0,4,5,6,1,12.744,1.015,0.000,1.015,327.0,0.125542,1015.0
gy_kernel_4,0.6,0.4,6,1,0,0,4,6,7,2,12.979,1.177,0.000,1.177,295.0,0.125542,1117.0
gy_kernel_4,0.5,0.5,5,2,0,0,3,7,8,3,13.048,1.340,0.000,1.340,263.0,0.125542,1218.0
gy_kernel_4,0.4,0.6,5,2,0,0,3,8,8,3,13.417,1.504,0.000,1.504,263.0,0.125542,1318.0
gy_kernel_4,0.3,0.7,5,2,0,0,3,8,8,3,13.631,1.504,0.000,1.504,263.0,0.125542,1318.0
gy_kernel_4,0.2,0.8,5,2,0,0,3,8,8,3,13.347,1.504,0.000,1.504,263.0,0.125542,1318.0
gy_kernel_4,0.1,0.9,5,2,0,0,3,8,8,3,13.359,1.504,0.000,1.504,263.0,0.125542,1318.0
gy_kernel_8,1.0,0.0
gy_kernel_8,0.9,0.1
gy_kernel_8,0.8,0.2
gy_kernel_8,0.7,0.3
gy_kernel_8,0.6,0.4
gy_kernel_8,0.5,0.5
gy_kernel_8,0.4,0.6
gy_kernel_8,0.3,0.7
gy_kernel_8,0.2,0.8
gy_kernel_8,0.1,0.9
gy_kernel_16,1.0,0.0
gy_kernel_16,0.9,0.1
gy_kernel_16,0.8,0.2
gy_kernel_16,0.7,0.3
gy_kernel_16,0.6,0.4
gy_kernel_16,0.5,0.5
gy_kernel_16,0.4,0.6
gy_kernel_16,0.3,0.7
gy_kernel_16,0.2,0.8
gy_kernel_16,0.1,0.9
gy_kernel_32,1.0,0.0
gy_kernel_32,0.9,0.1
gy_kernel_32,0.8,0.2
gy_kernel_32,0.7,0.3
gy_kernel_32,0.6,0.4
gy_kernel_32,0.5,0.5
gy_kernel_32,0.4,0.6
gy_kernel_32,0.3,0.7
gy_kernel_32,0.2,0.8
gy_kernel_32,0.1,0.9
roberts_cross_4,1.0,0.0,3,0,0,1,3,1,5,1,13.618,0.262,0.112,0.374,327.0,18.1967,182.0
roberts_cross_4,0.9,0.1,3,0,0,1,3,1,5,1,13.568,0.262,0.112,0.374,327.0,18.1967,182.0
roberts_cross_4,0.8,0.2,3,0,0,1,3,1,5,1,13.544,0.262,0.112,0.374,327.5,18.1967,182.0
roberts_cross_4,0.7,0.3,1,3,0,0,2,2,4,1,13.551,0.408,0.000,0.408,327.0,0.125542,214.0
roberts_cross_4,0.6,0.4,1,3,0,0,2,2,4,1,13.379,0.408,0.000,0.408,327.0,0.125542,214.0
roberts_cross_4,0.5,0.5,1,3,0,0,2,2,4,1,13.459,0.408,0.000,0.408,327.0,0.125542,214.0
roberts_cross_4,0.4,0.6,1,3,0,0,2,2,4,1,13.921,0.408,0.000,0.408,327.0,0.125542,214.0
roberts_cross_4,0.3,0.7,1,3,0,0,2,2,4,1,12.932,0.408,0.000,0.408,327.0,0.125542,214.0
roberts_cross_4,0.2,0.8,1,3,0,0,2,2,4,1,12.962,0.408,0.000,0.408,327.0,0.125542,214.0
roberts_cross_4,0.1,0.9,1,3,0,0,2,2,4,1,12.879,0.408,0.000,0.408,327.0,0.125542,214.0
roberts_cross_8,1.0,0.0
roberts_cross_8,0.9,0.1
roberts_cross_8,0.8,0.2
roberts_cross_8,0.7,0.3
roberts_cross_8,0.6,0.4
roberts_cross_8,0.5,0.5
roberts_cross_8,0.4,0.6
roberts_cross_8,0.3,0.7
roberts_cross_8,0.2,0.8
roberts_cross_8,0.1,0.9
roberts_cross_16,1.0,0.0
roberts_cross_16,0.9,0.1
roberts_cross_16,0.8,0.2
roberts_cross_16,0.7,0.3
roberts_cross_16,0.6,0.4
roberts_cross_16,0.5,0.5
roberts_cross_16,0.4,0.6
roberts_cross_16,0.3,0.7
roberts_cross_16,0.2,0.8
roberts_cross_16,0.1,0.9
roberts_cross_32,1.0,0.0
roberts_cross_32,0.9,0.1
roberts_cross_32,0.8,0.2
roberts_cross_32,0.7,0.3
roberts_cross_32,0.6,0.4
roberts_cross_32,0.5,0.5
roberts_cross_32,0.4,0.6
roberts_cross_32,0.3,0.7
roberts_cross_32,0.2,0.8
roberts_cross_32,0.1,0.9
matrix_mul_4,1.0,0.0,2,0,0,1,0,2,4,1,12.261,0.424,0.113,0.537,327.0,18.1967,276.0
matrix_mul_4,0.9,0.1,2,0,0,1,0,2,4,1,12.418,0.424,0.112,0.537,327.0,18.1967,276.0
matrix_mul_4,0.8,0.2,3,0,0,0,0,4,3,1,11.955,0.757,0.000,0.757,327.5,0.125542,409.0
matrix_mul_4,0.7,0.3,3,0,0,0,0,4,3,1,12.071,0.756,0.000,0.756,327.0,0.125542,409.0
matrix_mul_4,0.6,0.4,3,0,0,0,0,4,3,1,11.945,0.757,0.000,0.757,327.5,0.125542,409.0
matrix_mul_4,0.5,0.5,3,0,0,0,0,4,3,1,12.195,0.757,0.000,0.757,327.5,0.125542,409.0
matrix_mul_4,0.4,0.6,3,0,0,0,0,4,3,1,12.135,0.757,0.000,0.757,327.5,0.125542,409.0
matrix_mul_4,0.3,0.7,3,0,0,0,0,4,3,1,12.108,0.756,0.000,0.756,327.0,0.125542,409.0
matrix_mul_4,0.2,0.8,3,0,0,0,0,4,3,1,12.083,0.757,0.000,0.757,327.0,0.125542,409.0
matrix_mul_4,0.1,0.9,3,0,0,0,0,4,3,1,12.228,0.757,0.000,0.757,327.5,0.125542,409.0
matrix_mul_8,1.0,0.0
matrix_mul_8,0.9,0.1
matrix_mul_8,0.8,0.2
matrix_mul_8,0.7,0.3
matrix_mul_8,0.6,0.4
matrix_mul_8,0.5,0.5
matrix_mul_8,0.4,0.6
matrix_mul_8,0.3,0.7
matrix_mul_8,0.2,0.8
matrix_mul_8,0.1,0.9
matrix_mul_16,1.0,0.0
matrix_mul_16,0.9,0.1
matrix_mul_16,0.8,0.2
matrix_mul_16,0.7,0.3
matrix_mul_16,0.6,0.4
matrix_mul_16,0.5,0.5
matrix_mul_16,0.4,0.6
matrix_mul_16,0.3,0.7
matrix_mul_16,0.2,0.8
matrix_mul_16,0.1,0.9
matrix_mul_32,1.0,0.0
matrix_mul_32,0.9,0.1
matrix_mul_32,0.8,0.2
matrix_mul_32,0.7,0.3
matrix_mul_32,0.6,0.4
matrix_mul_32,0.5,0.5
matrix_mul_32,0.4,0.6
matrix_mul_32,0.3,0.7
matrix_mul_32,0.2,0.8
matrix_mul_32,0.1,0.9
tree_50-50_5_1,1.0,0.0,5,0,0,3,0,2,9,2,14.572,0.530,0.334,0.864,295.0,54.3391,787.0
tree_50-50_5_1,0.9,0.1,5,0,0,3,0,2,9,2,11.365,0.530,0.334,0.864,295.0,54.3391,787.0
tree_50-50_5_1,0.8,0.2,5,0,0,2,0,2,7,2,11.337,0.514,0.223,0.737,296.0,36.2679,719.0
tree_50-50_5_1,0.7,0.3,6,0,0,1,0,2,6,2,11.236,0.518,0.112,0.630,296.0,18.1967,1162.0
tree_50-50_5_1,0.6,0.4,6,0,0,1,0,2,6,2,11.278,0.519,0.112,0.631,296.0,18.1967,1162.0
tree_50-50_5_1,0.5,0.5,5,0,0,0,0,2,4,2,11.277,0.478,0.000,0.478,296.0,0.125542,1758.0
tree_50-50_5_1,0.4,0.6,5,0,0,0,0,2,4,2,11.276,0.478,0.000,0.478,296.0,0.125542,1758.0
tree_50-50_5_1,0.3,0.7,5,0,0,0,0,2,4,2,11.409,0.477,0.000,0.477,296.0,0.125542,1758.0
tree_50-50_5_1,0.2,0.8,5,0,0,0,0,2,4,2,11.318,0.478,0.000,0.478,296.0,0.125542,1758.0
tree_50-50_5_1,0.1,0.9,5,0,0,0,0,2,4,2,11.244,0.478,0.000,0.478,296.0,0.125542,1758.0
tree_50-50_10_1,1.0,0.0,13,0,0,5,0,7,16,5,129.903,1.573,0.557,2.130,197.0,90.4814,2774.0
tree_100-50_5_1,1.0,0.0,12,0,0,5,0,4,15,3,111.459,1.058,0.556,1.614,261.0,90.4814,1771.0
tree_100-50_5_1,0.9,0.1,15,0,0,4,0,8,13,3,23.684,1.737,0.446,2.182,261.0,72.4103,3362.0
tree_100-50_10_1,0.7,0.3
tree_50-50_10_1,0.1,0.9,16.0,0.0,0.0,0.0,0.0,17.0,8.0,5.0,14.687,3.266,0.000,3.266,199,0.125542
tree_100-50_5_1,0.1,0.9,19.0,0.0,0.0,0.0,0.0,12.0,5.0,3.0,13.600,2.490,0.000,2.490,263,0.125542
tree_50-50_10_1,0.9,0.1,19.0,0.0,0.0,2.0,0.0,16.0,12.0,5.0,32.492,3.186,0.232,3.418,197,36.2679
tree_50-50_10_1,0.8,0.2,19.0,0.0,0.0,2.0,0.0,16.0,12.0,5.0,32.642,3.185,0.231,3.416,198,36.2679
tree_100-50_5_1,0.8,0.2,24.0,0.0,0.0,2.0,0.0,9.0,11.0,3.0,31.221,2.090,0.230,2.321,261,36.2679