benchmark,w_ops,w_keys,add,sub,multiply_plain,rotate_rows,negate,multiply,Depth,Multplicative Depth,compile_time (s),circuit_execution_time (s),galois_keys_generation_time (s),total_execution_time (s),Remaining_noise_budget,rotation_key_size (MB),Final_Cost
max_3,1.0,0.0,2,1,0,3,0,2,8,2,14.372,0.482,0.334,0.815,295.0,54.3391,389.0
max_3,0.9,0.1,2,1,0,3,0,2,8,2,11.789,0.482,0.333,0.815,295.0,54.3391,389.0
max_3,0.8,0.2,5,1,0,3,1,3,9,2,11.495,0.694,0.223,0.918,295.0,36.2679,726.0
max_3,0.7,0.3,5,1,0,3,1,3,9,2,11.636,0.694,0.223,0.917,295.0,36.2679,726.0
max_3,0.6,0.4,5,1,0,3,1,3,9,2,11.616,0.694,0.223,0.917,295.0,36.2679,726.0
max_3,0.5,0.5,5,1,0,2,1,4,8,2,11.437,0.815,0.223,1.039,295.0,36.2679,1321.0
max_3,0.4,0.6,7,1,0,2,2,5,10,2,14.654,0.980,0.223,1.202,295.0,36.2679
max_3,0.3,0.7,6,0,0,0,3,6,6,2,11.228,0.992,0.000,0.992,295.0,0.125542,3009.0
max_3,0.2,0.8,6,0,0,0,3,6,6,2,11.177,0.993,0.000,0.993,295.0,0.125542,3009.0
max_3,0.1,0.9,6,0,0,0,3,6,6,2,11.217,0.993,0.000,0.993,295.0,0.125542,3009.0
max_4,1.0,0.0,4,1,0,4,1,4,12,3,22.779,0.853,0.445,1.299,262.0,72.4103,710.0
max_4,0.9,0.1,6,1,0,3,2,6,11,3,17.395,1.179,0.333,1.512,262.0,54.3391,796.0
max_4,0.8,0.2,17,1,0,3,5,11,12,3,22.726,2.072,0.222,2.295,261.5,36.2679
max_4,0.7,0.3,17,1,0,3,5,11,12,3,22.745,2.072,0.222,2.294,261.5,36.2679
max_4,0.6,0.4,17,1,0,3,6,12,12,3,22.489,2.185,0.223,2.408,262.0,36.2679
max_4,0.5,0.5,17,1,0,3,6,12,12,3,22.265,2.186,0.223,2.409,262.0,36.2679
max_4,0.4,0.6,15,1,0,2,6,13,12,3,19.089,2.244,0.222,2.466,262.0,36.2679
max_4,0.3,0.7,16,0,0,1,7,13,10,3,15.721,2.200,0.112,2.312,262.0,18.1967
max_4,0.2,0.8,12,0,0,0,6,12,8,3,13.617,1.923,0.000,1.923,262.0,0.125542
max_4,0.1,0.9,12,0,0,0,6,12,8,3,10.822,1.928,0.000,1.929,262.0,0.125542,7012.0
max_5,1.0,0.0,13,1,0,4,5,13,14,4,150.751,2.422,0.446,2.868,229.0,72.4103,1622.0
max_5,0.9,0.1,14,1,0,3,6,14,14,4,82.370,2.537,0.335,2.871,229.0,54.3391,1608.0
max_5,0.8,0.2,33,1,0,4,13,27,15,4,64.202,4.639,0.335,4.973,228.5,54.3391
max_5,0.7,0.3,33,1,0,3,13,27,14,4,45.234,4.613,0.223,4.836,228.0,36.2679
max_5,0.6,0.4,31,1,0,3,13,26,14,4,44.849,4.376,0.223,4.599,228.5,36.2679
max_5,0.5,0.5,31,1,0,3,13,26,14,4,44.160,4.376,0.223,4.599,228.5,36.2679
max_5,0.4,0.6,31,1,0,3,13,26,14,4,44.420,4.377,0.223,4.599,229.0,36.2679
max_5,0.3,0.7,27,1,0,2,12,25,14,4,33.306,4.105,0.222,4.327,229.0,36.2679
max_5,0.2,0.8,21,0,0,0,11,21,11,4,17.495,3.296,0.000,3.296,229.0,0.125542
max_5,0.1,0.9,21,0,0,0,11,21,11,4,17.226,3.295,0.000,3.295,229.0,0.125542
sort_3,1.0,0.0
sort_3,0.9,0.1
sort_3,0.8,0.2
sort_3,0.7,0.3
sort_3,0.6,0.4
sort_3,0.5,0.5
sort_3,0.4,0.6
sort_3,0.3,0.7
sort_3,0.2,0.8
sort_3,0.1,0.9
box_blur_4,1.0,0.0,5,0,0,1,0,0,5,0,11.660,0.163,0.113,0.276,357.0,18.1967,79.0
box_blur_4,0.9,0.1,5,0,0,1,0,0,5,0,11.809,0.163,0.113,0.275,357.0,18.1967,79.0
box_blur_4,0.8,0.2,8,0,0,0,0,0,4,0,11.470,0.217,0.000,0.217,359.0,0.125542,14.0
box_blur_4,0.7,0.3,8,0,0,0,0,0,4,0,11.534,0.217,0.000,0.217,359.0,0.125542,14.0
box_blur_4,0.6,0.4,8,0,0,0,0,0,4,0,11.626,0.217,0.000,0.217,359.0,0.125542,14.0
box_blur_4,0.5,0.5,8,0,0,0,0,0,4,0,11.532,0.217,0.000,0.217,359.0,0.125542,14.0
box_blur_4,0.4,0.6,8,0,0,0,0,0,4,0,11.715,0.217,0.000,0.217,359.0,0.125542,14.0
box_blur_4,0.3,0.7,8,0,0,0,0,0,5,0,11.662,0.217,0.000,0.217,359.0,0.125542,15.0
box_blur_4,0.2,0.8,8,0,0,0,0,0,5,0,11.646,0.217,0.000,0.217,359.0,0.125542,15.0
box_blur_4,0.1,0.9,8,0,0,0,0,0,6,0,11.781,0.217,0.000,0.217,359.0,0.125542,16.0
box_blur_8,1.0,0.0
box_blur_8,0.9,0.1
box_blur_8,0.8,0.2
box_blur_8,0.7,0.3
box_blur_8,0.6,0.4
box_blur_8,0.5,0.5
box_blur_8,0.4,0.6
box_blur_8,0.3,0.7
box_blur_8,0.2,0.8
box_blur_8,0.1,0.9
box_blur_16,1.0,0.0
box_blur_16,0.9,0.1
box_blur_16,0.8,0.2
box_blur_16,0.7,0.3
box_blur_16,0.6,0.4
box_blur_16,0.5,0.5
box_blur_16,0.4,0.6
box_blur_16,0.3,0.7
box_blur_16,0.2,0.8
box_blur_16,0.1,0.9
box_blur_32,1.0,0.0
box_blur_32,0.9,0.1
box_blur_32,0.8,0.2
box_blur_32,0.7,0.3
box_blur_32,0.6,0.4
box_blur_32,0.5,0.5
box_blur_32,0.4,0.6
box_blur_32,0.3,0.7
box_blur_32,0.2,0.8
box_blur_32,0.1,0.9
lin_reg_4,1.0,0.0,2,0,0,2,0,1,5,1,12.965,0.287,0.229,0.516,327.0,36.2679,232.0
lin_reg_4,0.9,0.1,2,0,0,2,0,1,5,1,12.142,0.286,0.229,0.515,327.0,36.2679,232.0
lin_reg_4,0.8,0.2,2,0,0,2,0,1,5,1,11.828,0.286,0.228,0.515,328.0,36.2679,232.0
lin_reg_4,0.7,0.3,2,0,1,0,0,1,3,1,11.910,0.055,0.000,0.055,359.0,0.125542,108.0
lin_reg_4,0.6,0.4,2,0,1,0,0,1,3,1,12.181,0.055,0.000,0.055,359.0,0.125542,108.0
lin_reg_4,0.5,0.5,2,0,1,0,0,1,3,1,12.088,0.055,0.000,0.055,359.0,0.125542,108.0
lin_reg_4,0.4,0.6,2,0,1,0,0,1,3,1,12.095,0.055,0.000,0.055,359.0,0.125542,108.0
lin_reg_4,0.3,0.7,2,0,1,0,0,1,3,1,11.984,0.055,0.000,0.055,359.0,0.125542,108.0
lin_reg_4,0.2,0.8,2,0,1,0,0,1,3,1,12.039,0.055,0.000,0.055,359.0,0.125542,108.0
lin_reg_4,0.1,0.9,2,0,1,0,0,1,3,1,12.057,0.055,0.000,0.055,359.0,0.125542,108.0
lin_reg_8,1.0,0.0,2,0,0,2,0,1,5,1,12.322,0.287,0.229,0.516,327.5,36.2679,252.0
lin_reg_8,0.9,0.1,2,0,0,2,0,1,5,1,12.243,0.286,0.229,0.515,327.0,36.2679,252.0
lin_reg_8,0.8,0.2,2,0,0,2,0,1,5,1,12.200,0.287,0.230,0.517,327.0,36.2679,252.0
lin_reg_8,0.7,0.3,2,0,1,0,0,1,3,1,12.021,0.055,0.000,0.055,359.0,0.125542,108.0
lin_reg_8,0.6,0.4,2,0,1,0,0,1,3,1,12.125,0.055,0.000,0.055,358.5,0.125542,108.0
lin_reg_8,0.5,0.5,2,0,1,0,0,1,3,1,12.315,0.055,0.000,0.055,359.0,0.125542,108.0
lin_reg_8,0.4,0.6,2,0,1,0,0,1,3,1,12.142,0.055,0.000,0.055,359.0,0.125542,108.0
lin_reg_8,0.3,0.7,2,0,1,0,0,1,3,1,12.339,0.056,0.000,0.056,359.0,0.125542,108.0
lin_reg_8,0.2,0.8,2,0,1,0,0,1,3,1,12.444,0.055,0.000,0.055,359.0,0.125542,108.0
lin_reg_8,0.1,0.9,2,0,1,0,0,1,3,1,11.850,0.056,0.000,0.056,359.0,0.125542,108.0
lin_reg_16,1.0,0.0,2,0,0,1,0,1,4,1,12.574,0.245,0.115,0.360,328.0,18.1967,176.0
lin_reg_16,0.9,0.1,2,0,0,1,0,1,4,1,12.483,0.245,0.115,0.361,328.0,18.1967,176.0
lin_reg_16,0.8,0.2,2,0,0,1,0,1,4,1,12.388,0.246,0.115,0.361,328.0,18.1967,176.0
lin_reg_16,0.7,0.3,2,0,1,0,0,1,3,1,12.140,0.055,0.000,0.055,359.0,0.125542,108.0
lin_reg_16,0.6,0.4,2,0,1,0,0,1,3,1,12.459,0.055,0.000,0.055,359.0,0.125542,108.0
lin_reg_16,0.5,0.5,2,0,1,0,0,1,3,1,12.273,0.055,0.000,0.055,359.0,0.125542,108.0
lin_reg_16,0.4,0.6,2,0,1,0,0,1,3,1,12.142,0.055,0.000,0.055,359.0,0.125542,108.0
lin_reg_16,0.3,0.7,2,0,1,0,0,1,3,1,12.335,0.055,0.000,0.055,358.5,0.125542,108.0
lin_reg_16,0.2,0.8,2,0,1,0,0,1,3,1,12.072,0.055,0.000,0.055,359.0,0.125542,108.0
lin_reg_16,0.1,0.9,2,0,1,0,0,1,3,1,11.987,0.055,0.000,0.055,359.0,0.125542,108.0
lin_reg_32,1.0,0.0,2,0,1,0,0,1,3,1,12.143,0.055,0.000,0.055,359.0,0.125542,108.0
lin_reg_32,0.9,0.1,2,0,1,0,0,1,3,1,12.359,0.055,0.000,0.055,359.0,0.125542,108.0
lin_reg_32,0.8,0.2,2,0,1,0,0,1,3,1,12.574,0.055,0.000,0.055,359.0,0.125542,108.0
lin_reg_32,0.7,0.3,2,0,1,0,0,1,3,1,12.215,0.055,0.000,0.055,359.0,0.125542,108.0
lin_reg_32,0.6,0.4,2,0,1,0,0,1,3,1,12.203,0.055,0.000,0.055,358.5,0.125542,108.0
lin_reg_32,0.5,0.5,2,0,1,0,0,1,3,1,12.415,0.055,0.000,0.055,359.0,0.125542,108.0
lin_reg_32,0.4,0.6,2,0,1,0,0,1,3,1,12.190,0.055,0.000,0.055,359.0,0.125542,108.0
lin_reg_32,0.3,0.7,2,0,1,0,0,1,3,1,12.602,0.055,0.000,0.055,359.0,0.125542,108.0
lin_reg_32,0.2,0.8,2,0,1,0,0,1,3,1,12.477,0.055,0.000,0.055,359.0,0.125542,108.0
lin_reg_32,0.1,0.9,2,0,1,0,0,1,3,1,12.138,0.055,0.000,0.055,359.0,0.125542,108.0
hamming_dist_4,1.0,0.0,4,1,0,3,0,3,8,2,12.386,0.682,0.339,1.021,295.0,54.3391,639.0
hamming_dist_4,0.9,0.1,4,1,0,3,0,3,8,2,12.283,0.683,0.339,1.022,295.0,54.3391,639.0
hamming_dist_4,0.8,0.2,4,1,0,2,0,3,8,2,12.326,0.663,0.226,0.889,295.0,36.2679,572.0
hamming_dist_4,0.7,0.3,6,2,1,1,0,5,7,2,12.368,0.811,0.114,0.925,295.0,18.1967,868.0
hamming_dist_4,0.6,0.4,6,2,1,1,0,5,7,2,12.252,0.812,0.114,0.926,295.0,18.1967,868.0
hamming_dist_4,0.5,0.5,6,2,1,1,0,5,7,2,12.343,0.811,0.114,0.925,295.0,18.1967,868.0
hamming_dist_4,0.4,0.6,6,2,1,1,0,5,7,2,12.336,0.812,0.114,0.926,295.0,18.1967,868.0
hamming_dist_4,0.3,0.7,6,2,1,1,0,5,7,2,12.196,0.812,0.114,0.925,295.0,18.1967,868.0
hamming_dist_4,0.2,0.8,7,4,4,0,0,8,5,2,11.697,0.777,0.000,0.777,326.0,0.125542,4759.0
hamming_dist_4,0.1,0.9,7,4,4,0,0,8,5,2,11.984,0.776,0.000,0.776,326.0,0.125542,4759.0
hamming_dist_8,1.0,0.0,5,1,0,4,0,3,10,2,14.922,0.726,0.452,1.177,294.0,72.4103,757.0
hamming_dist_8,0.9,0.1,5,1,0,4,0,3,10,2,15.067,0.724,0.451,1.175,294.0,72.4103,757.0
hamming_dist_8,0.8,0.2,6,2,1,2,0,5,9,2,13.981,0.853,0.225,1.078,295.0,36.2679,776.0
hamming_dist_8,0.7,0.3,12,4,3,1,0,9,9,2,20.218,1.195,0.113,1.308,295.0,18.1967
hamming_dist_8,0.6,0.4,12,4,3,1,0,9,9,2,20.220,1.194,0.113,1.307,295.0,18.1967
hamming_dist_8,0.5,0.5,12,4,3,1,0,9,9,2,20.079,1.194,0.114,1.308,295.0,18.1967
hamming_dist_8,0.4,0.6,12,4,3,1,0,9,9,2,20.117,1.192,0.113,1.305,295.0,18.1967
hamming_dist_8,0.3,0.7,12,4,3,1,0,9,9,2,19.829,1.195,0.113,1.309,295.0,18.1967
hamming_dist_8,0.2,0.8,15,8,8,0,0,16,6,2,16.201,1.561,0.000,1.562,326.0,0.125542
hamming_dist_8,0.1,0.9,15,8,8,0,1,16,6,2,16.311,1.561,0.000,1.561,326.0,0.125542
hamming_dist_16,1.0,0.0,6,1,0,4,0,3,12,2,38.854,0.758,0.459,1.217,294.0,72.4103,760.0
hamming_dist_16,0.9,0.1,7,2,1,3,0,5,11,2,27.844,0.908,0.344,1.252,294.0,54.3391,846.0
hamming_dist_16,0.8,0.2,24,8,7,1,0,17,11,2,33.267,1.982,0.116,2.098,295.0,18.1967
hamming_dist_16,0.7,0.3,24,8,7,1,0,17,12,2,32.270,1.979,0.116,2.095,295.0,18.1967
hamming_dist_16,0.6,0.4,24,8,7,1,0,17,12,2,33.700,2.007,0.117,2.124,295.0,18.1967
hamming_dist_16,0.5,0.5,21,8,7,1,0,17,12,2,33.432,2.010,0.118,2.128,295.0,18.1967
hamming_dist_16,0.4,0.6,22,8,7,1,0,17,12,2,34.029,2.000,0.117,2.117,295.0,18.1967
hamming_dist_16,0.3,0.7,22,8,7,1,0,17,12,2,33.043,1.998,0.117,2.115,295.0,18.1967
hamming_dist_16,0.2,0.8,31,16,16,0,1,32,8,2,23.095,3.163,0.000,3.163,325.0,0.125542
hamming_dist_16,0.1,0.9,31,16,16,0,1,32,8,2,21.616,3.155,0.000,3.155,325.5,0.125542
hamming_dist_32,1.0,0.0,7,1,0,5,0,3,14,2,370.169,0.800,0.574,1.374,292.5,90.4814,1070.0
hamming_dist_32,0.9,0.1,18,8,7,2,0,17,12,2,92.953,2.008,0.228,2.236,295.0,36.2679,1997.0
hamming_dist_32,0.8,0.2,34,16,15,1,0,33,10,2,77.518,3.496,0.114,3.610,295.0,18.1967
hamming_dist_32,0.7,0.3,34,16,15,1,0,33,10,2,75.097,3.492,0.114,3.606,295.0,18.1967
hamming_dist_32,0.6,0.4,34,16,15,1,0,33,10,2,76.088,3.476,0.113,3.590,295.0,18.1967
hamming_dist_32,0.5,0.5,34,16,15,1,0,33,10,2,75.574,3.478,0.113,3.592,295.0,18.1967
hamming_dist_32,0.4,0.6,34,16,15,1,0,33,10,2,74.201,3.474,0.113,3.586,295.0,18.1967
hamming_dist_32,0.3,0.7,34,16,15,1,0,33,10,2,76.302,3.478,0.113,3.591,295.0,18.1967
hamming_dist_32,0.2,0.8,63,32,32,0,1,64,9,2,35.138,6.090,0.000,6.090,325.0,0.125542
hamming_dist_32,0.1,0.9,63,32,32,0,1,64,9,2,34.756,6.095,0.000,6.095,325.0,0.125542
dot_product_4,1.0,0.0,2,0,0,3,0,1,6,1,14.223,0.300,0.336,0.636,325.0,54.3391,285.0
dot_product_4,0.9,0.1,2,0,0,2,0,1,5,1,11.684,0.282,0.224,0.506,328.0,36.2679,217.0
dot_product_4,0.8,0.2,2,0,0,1,0,2,4,1,11.823,0.429,0.113,0.542,327.0,18.1967,261.0
dot_product_4,0.7,0.3,2,0,0,1,0,2,4,1,11.861,0.430,0.113,0.543,327.5,18.1967,261.0
dot_product_4,0.6,0.4,2,0,0,1,0,2,4,1,11.732,0.429,0.113,0.542,327.5,18.1967,261.0
dot_product_4,0.5,0.5,2,0,0,1,0,2,4,1,11.675,0.429,0.113,0.543,328.0,18.1967,261.0
dot_product_4,0.4,0.6,2,0,0,1,0,2,4,1,11.820,0.428,0.113,0.541,327.0,18.1967,261.0
dot_product_4,0.3,0.7,3,0,0,0,0,4,3,1,11.552,0.776,0.000,0.776,327.0,0.125542,1756.0
dot_product_4,0.2,0.8,3,0,0,0,0,4,3,1,11.655,0.780,0.000,0.780,327.5,0.125542,1756.0
dot_product_4,0.1,0.9,3,0,0,0,0,4,3,1,11.786,0.778,0.000,0.778,327.0,0.125542,1756.0
dot_product_8,1.0,0.0,3,0,0,4,0,1,8,1,12.374,0.346,0.456,0.803,324.0,72.4103,403.0
dot_product_8,0.9,0.1,3,0,0,3,0,1,7,1,12.142,0.327,0.342,0.668,327.0,54.3391,287.0
dot_product_8,0.8,0.2,3,0,0,2,0,2,6,1,12.008,0.477,0.228,0.705,327.0,36.2679,319.0
dot_product_8,0.7,0.3,4,0,0,1,0,4,5,1,12.115,0.818,0.116,0.934,327.0,18.1967,464.0
dot_product_8,0.6,0.4,4,0,0,1,0,4,5,1,12.202,0.817,0.116,0.933,327.0,18.1967,464.0
dot_product_8,0.5,0.5,6,0,0,1,0,4,6,1,11.858,0.817,0.116,0.933,327.0,18.1967,465.0
dot_product_8,0.4,0.6,6,0,0,1,0,4,7,1,15.023,0.821,0.116,0.937,327.0,18.1967
dot_product_8,0.3,0.7,6,0,0,1,0,4,7,1,15.076,0.818,0.116,0.934,327.0,18.1967
dot_product_8,0.2,0.8,7,0,0,0,0,8,4,1,11.710,1.536,0.000,1.536,327.0,0.125542,3757.0
dot_product_8,0.1,0.9,7,0,0,0,0,8,4,1,11.553,1.537,0.000,1.537,327.0,0.125542,3757.0
dot_product_16,1.0,0.0,4,0,0,4,0,1,9,1,14.003,0.369,0.455,0.825,325.5,72.4103,405.0
dot_product_16,0.9,0.1,4,0,0,4,0,1,9,1,13.957,0.367,0.453,0.821,327.0,72.4103,405.0
dot_product_16,0.8,0.2,5,0,0,2,0,4,7,1,13.043,0.854,0.227,1.080,326.0,36.2679,522.0
dot_product_16,0.7,0.3,15,0,0,1,0,8,10,1,14.277,1.576,0.114,1.690,326.0,18.1967,873.0
dot_product_16,0.6,0.4,15,0,0,1,0,8,13,1,18.185,1.576,0.114,1.690,326.5,18.1967
dot_product_16,0.5,0.5,15,0,0,1,0,8,13,1,18.121,1.578,0.114,1.692,326.0,18.1967
dot_product_16,0.4,0.6,15,0,0,1,0,8,12,1,17.755,1.574,0.114,1.688,327.0,18.1967
dot_product_16,0.3,0.7,15,0,0,1,0,8,12,1,17.802,1.579,0.115,1.694,326.5,18.1967
dot_product_16,0.2,0.8,15,0,0,0,0,16,5,1,14.735,3.036,0.000,3.036,326.5,0.125542
dot_product_16,0.1,0.9,15,0,0,0,1,16,6,1,14.752,3.043,0.000,3.043,326.5,0.125542
dot_product_32,1.0,0.0,5,0,0,4,0,2,10,1,26.220,0.557,0.451,1.007,326.0,72.4103,507.0
dot_product_32,0.9,0.1,6,0,0,3,0,4,9,1,19.761,0.892,0.337,1.229,326.0,54.3391,592.0
dot_product_32,0.8,0.2,31,0,0,1,0,16,17,1,27.286,3.091,0.113,3.205,326.0,18.1967
dot_product_32,0.7,0.3,30,0,0,1,0,16,14,1,25.542,3.094,0.114,3.208,326.0,18.1967
dot_product_32,0.6,0.4,30,0,0,1,0,16,14,1,27.327,3.096,0.114,3.211,326.0,18.1967
dot_product_32,0.5,0.5,16,0,0,1,0,16,13,1,25.001,3.072,0.114,3.185,326.0,18.1967
dot_product_32,0.4,0.6,16,0,0,1,0,16,14,1,26.340,3.067,0.113,3.181,326.0,18.1967
dot_product_32,0.3,0.7,16,0,0,1,0,16,14,1,24.806,3.073,0.113,3.186,326.0,18.1967
dot_product_32,0.2,0.8,31,0,0,0,1,32,7,1,18.250,6.026,0.000,6.026,326.0,0.125542
dot_product_32,0.1,0.9,31,0,0,0,1,32,7,1,18.248,6.017,0.000,6.017,326.0,0.125542
poly_reg_4,1.0,0.0,3,0,0,2,0,2,7,2,11.725,0.448,0.225,0.673,295.0,36.2679,336.0
poly_reg_4,0.9,0.1,3,0,0,2,0,2,7,2,11.655,0.447,0.224,0.671,295.0,36.2679,336.0
poly_reg_4,0.8,0.2,3,0,0,2,0,2,7,2,11.721,0.446,0.224,0.670,295.0,36.2679,336.0
poly_reg_4,0.7,0.3,3,0,0,0,0,2,5,2,11.712,0.411,0.000,0.411,296.0,0.125542,212.0
poly_reg_4,0.6,0.4,3,0,0,0,0,2,5,2,11.216,0.411,0.000,0.411,296.0,0.125542,212.0
poly_reg_4,0.5,0.5,3,0,0,0,0,2,5,2,15.381,0.412,0.000,0.412,296.0,0.125542,212.0
poly_reg_4,0.4,0.6,3,0,0,0,0,2,5,2,10.974,0.409,0.000,0.409,296.0,0.125542,212.0
poly_reg_4,0.3,0.7,3,0,0,0,0,2,5,2,11.033,0.409,0.000,0.409,296.0,0.125542,212.0
poly_reg_4,0.2,0.8,3,0,0,0,0,2,5,2,11.004,0.409,0.000,0.409,296.0,0.125542,212.0
poly_reg_4,0.1,0.9,3,0,0,0,0,2,5,2,11.027,0.409,0.000,0.409,296.0,0.125542,212.0
poly_reg_8,1.0,0.0,3,0,0,2,0,2,7,2,12.052,0.444,0.224,0.667,295.0,36.2679,356.0
poly_reg_8,0.9,0.1,3,0,0,2,0,2,7,2,12.018,0.444,0.224,0.667,295.0,36.2679,356.0
poly_reg_8,0.8,0.2,3,0,0,2,0,2,7,2,12.022,0.444,0.224,0.667,295.0,36.2679,356.0
poly_reg_8,0.7,0.3,3,0,0,0,0,2,5,2,11.178,0.409,0.000,0.409,296.0,0.125542,212.0
poly_reg_8,0.6,0.4,3,0,0,0,0,2,5,2,11.185,0.409,0.000,0.409,296.0,0.125542,212.0
poly_reg_8,0.5,0.5,3,0,0,0,0,2,5,2,11.095,0.409,0.000,0.409,296.0,0.125542,212.0
poly_reg_8,0.4,0.6,3,0,0,0,0,2,5,2,11.155,0.408,0.000,0.409,296.0,0.125542,212.0
poly_reg_8,0.3,0.7,3,0,0,0,0,2,5,2,11.143,0.409,0.000,0.409,296.0,0.125542,212.0
poly_reg_8,0.2,0.8,3,0,0,0,0,2,5,2,11.105,0.409,0.000,0.409,296.0,0.125542,212.0
poly_reg_8,0.1,0.9,3,0,0,0,0,2,5,2,11.147,0.408,0.000,0.408,296.0,0.125542,212.0
poly_reg_16,1.0,0.0,3,0,0,1,0,2,6,2,11.960,0.426,0.112,0.538,295.0,18.1967,280.0
poly_reg_16,0.9,0.1,3,0,0,1,0,2,6,2,12.027,0.427,0.112,0.539,295.0,18.1967,280.0
poly_reg_16,0.8,0.2,3,0,0,0,0,2,5,2,11.452,0.409,0.000,0.409,296.0,0.125542,212.0
poly_reg_16,0.7,0.3,3,0,0,0,0,2,5,2,11.321,0.409,0.000,0.409,296.0,0.125542,212.0
poly_reg_16,0.6,0.4,3,0,0,0,0,2,5,2,11.380,0.409,0.000,0.409,296.0,0.125542,212.0
poly_reg_16,0.5,0.5,3,0,0,0,0,2,5,2,11.412,0.409,0.000,0.409,296.0,0.125542,212.0
poly_reg_16,0.4,0.6,3,0,0,0,0,2,5,2,11.430,0.409,0.000,0.409,296.0,0.125542,212.0
poly_reg_16,0.3,0.7,3,0,0,0,0,2,5,2,11.513,0.409,0.000,0.409,296.0,0.125542,212.0
poly_reg_16,0.2,0.8,3,0,0,0,0,2,5,2,11.428,0.409,0.000,0.409,296.0,0.125542,212.0
poly_reg_16,0.1,0.9,3,0,0,0,0,2,5,2,11.398,0.409,0.000,0.409,296.0,0.125542,212.0
poly_reg_32,1.0,0.0,3,0,0,0,0,2,5,2,12.143,0.409,0.000,0.409,296.0,0.125542,212.0
poly_reg_32,0.9,0.1,3,0,0,0,0,2,5,2,12.008,0.409,0.000,0.409,296.0,0.125542,212.0
poly_reg_32,0.8,0.2,3,0,0,0,0,2,5,2,12.002,0.409,0.000,0.409,296.0,0.125542,212.0
poly_reg_32,0.7,0.3,3,0,0,0,0,2,5,2,12.018,0.409,0.000,0.409,296.0,0.125542,212.0
poly_reg_32,0.6,0.4,3,0,0,0,0,2,5,2,12.014,0.409,0.000,0.409,296.0,0.125542,212.0
poly_reg_32,0.5,0.5,3,0,0,0,0,2,5,2,11.971,0.409,0.000,0.409,296.0,0.125542,212.0
poly_reg_32,0.4,0.6,3,0,0,0,0,2,5,2,12.065,0.409,0.000,0.409,296.0,0.125542,212.0
poly_reg_32,0.3,0.7,3,0,0,0,0,2,5,2,12.089,0.409,0.000,0.409,296.0,0.125542,212.0
poly_reg_32,0.2,0.8,3,0,0,0,0,2,5,2,12.111,0.409,0.000,0.409,296.0,0.125542,212.0
poly_reg_32,0.1,0.9,3,0,0,0,0,2,5,2,12.062,0.409,0.000,0.409,296.0,0.125542,212.0
l2_distance_4,1.0,0.0,2,1,0,3,0,1,7,1,11.257,0.321,0.335,0.656,324.0,54.3391,287.0
l2_distance_4,0.9,0.1,2,1,0,2,0,1,6,1,11.175,0.281,0.222,0.503,326.0,36.2679,220.0
l2_distance_4,0.8,0.2,2,1,0,2,0,1,6,1,11.190,0.281,0.223,0.503,326.0,36.2679,220.0
l2_distance_4,0.7,0.3,2,2,0,1,0,2,5,1,11.199,0.426,0.112,0.539,326.0,18.1967,266.0
l2_distance_4,0.6,0.4,2,2,0,1,0,2,5,1,11.237,0.426,0.113,0.540,326.5,18.1967,266.0
l2_distance_4,0.5,0.5,2,2,0,1,0,2,5,1,11.191,0.426,0.112,0.538,326.5,18.1967,266.0
l2_distance_4,0.4,0.6,2,2,0,1,0,2,5,1,11.218,0.426,0.112,0.538,326.0,18.1967,266.0
l2_distance_4,0.3,0.7,3,4,0,0,0,4,4,1,10.891,0.760,0.000,0.760,327.0,0.125542,3757.0
l2_distance_4,0.2,0.8,3,4,0,0,0,4,4,1,10.832,0.760,0.000,0.760,326.5,0.125542,3757.0
l2_distance_4,0.1,0.9,3,4,0,0,0,4,4,1,10.978,0.760,0.000,0.760,326.5,0.125542,3757.0
l2_distance_8,1.0,0.0,3,1,0,4,0,1,9,1,12.904,0.363,0.444,0.808,324.0,72.4103,405.0
l2_distance_8,0.9,0.1,3,1,0,3,0,1,8,1,12.293,0.322,0.334,0.655,326.0,54.3391,290.0
l2_distance_8,0.8,0.2,3,2,0,2,0,2,7,1,12.078,0.467,0.224,0.691,326.0,36.2679,324.0
l2_distance_8,0.7,0.3,4,4,0,1,0,4,6,1,12.092,0.800,0.113,0.913,326.0,18.1967,473.0
l2_distance_8,0.6,0.4,6,4,0,1,0,4,8,1,17.156,0.801,0.113,0.914,326.0,18.1967
l2_distance_8,0.5,0.5,6,4,0,1,0,4,8,1,17.087,0.801,0.113,0.914,326.0,18.1967
l2_distance_8,0.4,0.6,6,4,0,1,0,4,8,1,17.012,0.801,0.113,0.914,326.0,18.1967
l2_distance_8,0.3,0.7,6,4,0,1,0,4,8,1,17.001,0.801,0.113,0.913,326.0,18.1967
l2_distance_8,0.2,0.8,7,8,0,0,0,8,5,1,13.983,1.508,0.000,1.508,326.0,0.125542
l2_distance_8,0.1,0.9,7,8,0,0,1,8,6,1,14.181,1.510,0.000,1.510,326.0,0.125542
l2_distance_16,1.0,0.0,4,1,0,4,0,1,10,1,25.255,0.363,0.445,0.808,325.0,72.4103,408.0
l2_distance_16,0.9,0.1,4,2,0,3,0,2,9,1,19.193,0.509,0.335,0.844,325.5,54.3391,394.0
l2_distance_16,0.8,0.2,15,8,0,1,0,8,10,1,26.197,1.554,0.112,1.666,326.0,18.1967
l2_distance_16,0.7,0.3,14,8,0,1,0,8,13,1,24.976,1.552,0.113,1.664,325.0,18.1967
l2_distance_16,0.6,0.4,14,8,0,1,0,8,13,1,26.816,1.551,0.113,1.664,325.0,18.1967
l2_distance_16,0.5,0.5,14,8,0,1,0,8,14,1,24.891,1.553,0.113,1.665,325.5,18.1967
l2_distance_16,0.4,0.6,14,8,0,1,0,8,14,1,26.653,1.551,0.113,1.664,325.0,18.1967
l2_distance_16,0.3,0.7,14,8,0,1,0,8,14,1,24.893,1.551,0.113,1.664,325.0,18.1967
l2_distance_16,0.2,0.8,15,16,0,0,1,16,7,1,17.547,2.996,0.000,2.996,325.5,0.125542
l2_distance_16,0.1,0.9,15,16,0,0,1,16,7,1,17.550,2.996,0.000,2.996,325.5,0.125542
l2_distance_32,1.0,0.0,5,1,0,5,0,1,12,1,188.208,0.404,0.558,0.962,324.0,90.4814,718.0
l2_distance_32,0.9,0.1,12,8,0,3,0,8,12,1,60.076,1.634,0.112,1.747,325.0,18.1967,994.0
l2_distance_32,0.8,0.2,16,16,0,1,0,16,13,1,53.920,3.045,0.113,3.158,325.0,18.1967
l2_distance_32,0.7,0.3,16,16,0,1,0,16,13,1,53.804,3.046,0.112,3.159,325.0,18.1967
l2_distance_32,0.6,0.4,16,16,0,1,0,16,13,1,53.859,3.047,0.113,3.160,325.0,18.1967
l2_distance_32,0.5,0.5,16,16,0,1,0,16,13,1,53.815,3.046,0.113,3.158,325.0,18.1967
l2_distance_32,0.4,0.6,16,16,0,1,0,16,13,1,54.403,3.046,0.113,3.159,325.0,18.1967
l2_distance_32,0.3,0.7,16,16,0,1,0,16,13,1,54.602,3.048,0.112,3.160,325.0,18.1967
l2_distance_32,0.2,0.8,31,32,0,0,1,32,8,1,28.287,5.984,0.000,5.984,325.0,0.125542
l2_distance_32,0.1,0.9,31,32,0,0,1,32,8,1,26.666,5.981,0.000,5.981,325.0,0.125542
gx_kernel_4,1.0,0.0,5,0,1,1,2,3,7,1,15.797,0.514,0.113,0.626,327.0,18.1967,3381.0
gx_kernel_4,0.9,0.1,4,0,1,1,2,3,6,1,14.301,0.489,0.112,0.601,327.0,18.1967,382.0
gx_kernel_4,0.8,0.2,5,0,0,1,2,2,7,1,12.629,0.499,0.112,0.611,327.0,18.1967,1781.0
gx_kernel_4,0.7,0.3,6,0,2,0,2,3,6,1,12.291,0.371,0.000,0.371,328.0,0.125542,1814.0
gx_kernel_4,0.6,0.4,5,0,2,0,2,3,5,1,12.428,0.346,0.000,0.346,328.5,0.125542,315.0
gx_kernel_4,0.5,0.5,5,0,2,0,2,3,5,1,12.368,0.346,0.000,0.346,328.5,0.125542,315.0
gx_kernel_4,0.4,0.6,5,0,2,0,2,3,4,1,12.697,0.346,0.000,0.347,328.5,0.125542,314.0
gx_kernel_4,0.3,0.7,4,1,2,0,1,3,4,1,12.604,0.347,0.000,0.347,328.0,0.125542,313.0
gx_kernel_4,0.2,0.8,4,1,2,0,1,3,4,1,12.525,0.346,0.000,0.346,328.5,0.125542,313.0
gx_kernel_4,0.1,0.9,5,0,2,0,4,3,6,1,12.492,0.346,0.000,0.346,328.0,0.125542,318.0
gx_kernel_8,1.0,0.0
gx_kernel_8,0.9,0.1
gx_kernel_8,0.8,0.2
gx_kernel_8,0.7,0.3
gx_kernel_8,0.6,0.4
gx_kernel_8,0.5,0.5
gx_kernel_8,0.4,0.6
gx_kernel_8,0.3,0.7
gx_kernel_8,0.2,0.8
gx_kernel_8,0.1,0.9
gx_kernel_16,1.0,0.0
gx_kernel_16,0.9,0.1
gx_kernel_16,0.8,0.2
gx_kernel_16,0.7,0.3
gx_kernel_16,0.6,0.4
gx_kernel_16,0.5,0.5
gx_kernel_16,0.4,0.6
gx_kernel_16,0.3,0.7
gx_kernel_16,0.2,0.8
gx_kernel_16,0.1,0.9
gx_kernel_32,1.0,0.0
gx_kernel_32,0.9,0.1
gx_kernel_32,0.8,0.2
gx_kernel_32,0.7,0.3
gx_kernel_32,0.6,0.4
gx_kernel_32,0.5,0.5
gx_kernel_32,0.4,0.6
gx_kernel_32,0.3,0.7
gx_kernel_32,0.2,0.8
gx_kernel_32,0.1,0.9
gy_kernel_4,1.0,0.0,5,0,0,1,3,3,7,1,13.336,0.675,0.115,0.791,327.0,18.1967,2630.0
gy_kernel_4,0.9,0.1,5,0,0,1,3,3,7,1,13.584,0.677,0.116,0.792,327.0,18.1967,2630.0
gy_kernel_4,0.8,0.2,6,0,0,1,4,4,7,1,13.717,0.860,0.114,0.974,327.0,18.1967,984.0
gy_kernel_4,0.7,0.3,7,0,0,0,5,5,6,1,12.966,1.037,0.000,1.037,327.0,0.125542,1016.0
gy_kernel_4,0.6,0.4,7,0,0,0,5,5,6,1,13.120,1.038,0.000,1.038,327.0,0.125542,1016.0
gy_kernel_4,0.5,0.5,6,1,0,0,4,5,6,1,13.192,1.037,0.000,1.037,327.0,0.125542,1015.0
gy_kernel_4,0.4,0.6,6,1,0,0,4,5,6,1,13.154,1.037,0.000,1.037,327.0,0.125542,1015.0
gy_kernel_4,0.3,0.7,6,1,0,0,4,5,6,1,13.300,1.036,0.000,1.036,327.0,0.125542,1016.0
gy_kernel_4,0.2,0.8,6,1,0,0,4,5,6,1,18.155,1.037,0.000,1.037,327.0,0.125542
gy_kernel_4,0.1,0.9,7,0,0,0,6,5,7,1,13.013,1.033,0.000,1.033,327.0,0.125542,1019.0
gy_kernel_8,1.0,0.0
gy_kernel_8,0.9,0.1
gy_kernel_8,0.8,0.2
gy_kernel_8,0.7,0.3
gy_kernel_8,0.6,0.4
gy_kernel_8,0.5,0.5
gy_kernel_8,0.4,0.6
gy_kernel_8,0.3,0.7
gy_kernel_8,0.2,0.8
gy_kernel_8,0.1,0.9
gy_kernel_16,1.0,0.0
gy_kernel_16,0.9,0.1
gy_kernel_16,0.8,0.2
gy_kernel_16,0.7,0.3
gy_kernel_16,0.6,0.4
gy_kernel_16,0.5,0.5
gy_kernel_16,0.4,0.6
gy_kernel_16,0.3,0.7
gy_kernel_16,0.2,0.8
gy_kernel_16,0.1,0.9
gy_kernel_32,1.0,0.0
gy_kernel_32,0.9,0.1
gy_kernel_32,0.8,0.2
gy_kernel_32,0.7,0.3
gy_kernel_32,0.6,0.4
gy_kernel_32,0.5,0.5
gy_kernel_32,0.4,0.6
gy_kernel_32,0.3,0.7
gy_kernel_32,0.2,0.8
gy_kernel_32,0.1,0.9
roberts_cross_4,1.0,0.0,3,0,0,1,3,1,5,1,13.768,0.263,0.113,0.376,327.5,18.1967,182.0
roberts_cross_4,0.9,0.1,4,0,0,1,3,1,6,1,13.231,0.288,0.112,0.400,327.0,18.1967,931.0
roberts_cross_4,0.8,0.2,4,0,0,1,3,1,6,1,13.510,0.288,0.112,0.400,327.0,18.1967,931.0
roberts_cross_4,0.7,0.3,3,0,0,1,3,1,5,1,13.336,0.262,0.112,0.374,327.5,18.1967,182.0
roberts_cross_4,0.6,0.4,4,0,0,0,4,2,4,1,12.756,0.408,0.000,0.408,327.0,0.125542,218.0
roberts_cross_4,0.5,0.5,4,0,0,0,4,2,4,1,14.088,0.408,0.000,0.408,327.0,0.125542,218.0
roberts_cross_4,0.4,0.6,4,0,0,0,4,2,4,1,12.961,0.408,0.000,0.409,327.0,0.125542,218.0
roberts_cross_4,0.3,0.7,4,0,0,0,4,2,4,1,13.032,0.408,0.000,0.408,327.0,0.125542,218.0
roberts_cross_4,0.2,0.8,4,0,0,0,4,2,4,1,13.062,0.413,0.000,0.413,327.0,0.125542,218.0
roberts_cross_4,0.1,0.9,4,0,0,0,2,2,4,1,13.589,0.417,0.000,0.417,327.0,0.125542,216.0
roberts_cross_8,1.0,0.0
roberts_cross_8,0.9,0.1
roberts_cross_8,0.8,0.2
roberts_cross_8,0.7,0.3
roberts_cross_8,0.6,0.4
roberts_cross_8,0.5,0.5
roberts_cross_8,0.4,0.6
roberts_cross_8,0.3,0.7
roberts_cross_8,0.2,0.8
roberts_cross_8,0.1,0.9
roberts_cross_16,1.0,0.0
roberts_cross_16,0.9,0.1
roberts_cross_16,0.8,0.2
roberts_cross_16,0.7,0.3
roberts_cross_16,0.6,0.4
roberts_cross_16,0.5,0.5
roberts_cross_16,0.4,0.6
roberts_cross_16,0.3,0.7
roberts_cross_16,0.2,0.8
roberts_cross_16,0.1,0.9
roberts_cross_32,1.0,0.0
roberts_cross_32,0.9,0.1
roberts_cross_32,0.8,0.2
roberts_cross_32,0.7,0.3
roberts_cross_32,0.6,0.4
roberts_cross_32,0.5,0.5
roberts_cross_32,0.4,0.6
roberts_cross_32,0.3,0.7
roberts_cross_32,0.2,0.8
roberts_cross_32,0.1,0.9
matrix_mul_4,1.0,0.0,2,0,0,1,0,2,4,1,12.958,0.432,0.115,0.547,327.0,18.1967,276.0
matrix_mul_4,0.9,0.1,2,0,0,1,0,2,4,1,12.771,0.432,0.114,0.547,327.0,18.1967,276.0
matrix_mul_4,0.8,0.2,3,0,0,0,0,4,3,1,12.640,0.770,0.000,0.770,327.5,0.125542,409.0
matrix_mul_4,0.7,0.3,3,0,0,0,0,4,3,1,12.592,0.770,0.000,0.770,327.0,0.125542,409.0
matrix_mul_4,0.6,0.4,3,0,0,0,0,4,3,1,12.553,0.769,0.000,0.769,328.0,0.125542,409.0
matrix_mul_4,0.5,0.5,3,0,0,0,0,4,3,1,12.702,0.772,0.000,0.772,327.5,0.125542,409.0
matrix_mul_4,0.4,0.6,3,0,0,0,0,4,3,1,12.631,0.771,0.000,0.771,327.0,0.125542,409.0
matrix_mul_4,0.3,0.7,3,0,0,0,0,4,3,1,12.775,0.768,0.000,0.768,327.0,0.125542,409.0
matrix_mul_4,0.2,0.8,3,0,0,0,0,4,3,1,12.712,0.767,0.000,0.767,327.5,0.125542,409.0
matrix_mul_4,0.1,0.9,3,0,0,0,0,4,3,1,12.607,0.767,0.000,0.767,327.5,0.125542,409.0
matrix_mul_8,1.0,0.0
matrix_mul_8,0.9,0.1
matrix_mul_8,0.8,0.2
matrix_mul_8,0.7,0.3
matrix_mul_8,0.6,0.4
matrix_mul_8,0.5,0.5
matrix_mul_8,0.4,0.6
matrix_mul_8,0.3,0.7
matrix_mul_8,0.2,0.8
matrix_mul_8,0.1,0.9
matrix_mul_16,1.0,0.0
matrix_mul_16,0.9,0.1
matrix_mul_16,0.8,0.2
matrix_mul_16,0.7,0.3
matrix_mul_16,0.6,0.4
matrix_mul_16,0.5,0.5
matrix_mul_16,0.4,0.6
matrix_mul_16,0.3,0.7
matrix_mul_16,0.2,0.8
matrix_mul_16,0.1,0.9
matrix_mul_32,1.0,0.0
matrix_mul_32,0.9,0.1
matrix_mul_32,0.8,0.2
matrix_mul_32,0.7,0.3
matrix_mul_32,0.6,0.4
matrix_mul_32,0.5,0.5
matrix_mul_32,0.4,0.6
matrix_mul_32,0.3,0.7
matrix_mul_32,0.2,0.8
matrix_mul_32,0.1,0.9
tree_50-50_5_1,1.0,0.0,5,0,0,3,0,2,9,2,11.475,0.543,0.342,0.885,295.0,54.3391,787.0
tree_50-50_5_1,0.9,0.1,5,0,0,3,0,2,9,2,11.309,0.540,0.339,0.880,295.0,54.3391,787.0
tree_50-50_5_1,0.8,0.2,5,0,0,2,0,2,7,2,11.295,0.524,0.227,0.750,296.0,36.2679,719.0
tree_50-50_5_1,0.7,0.3,6,0,0,3,0,2,8,2,11.285,0.568,0.226,0.794,296.0,36.2679,774.0
tree_50-50_5_1,0.6,0.4,6,0,0,3,0,2,8,2,11.365,0.567,0.226,0.794,296.0,36.2679,774.0
tree_50-50_5_1,0.5,0.5,6,0,0,3,0,2,8,2,11.484,0.567,0.226,0.794,296.0,36.2679,774.0
tree_50-50_5_1,0.4,0.6,6,0,0,1,0,2,6,2,11.252,0.529,0.115,0.644,296.0,18.1967,1162.0
tree_50-50_5_1,0.3,0.7,6,0,0,1,0,2,6,2,11.219,0.530,0.115,0.645,296.0,18.1967,1162.0
tree_50-50_5_1,0.2,0.8,5,0,0,0,0,2,4,2,11.225,0.489,0.000,0.489,296.0,0.125542,1758.0
tree_50-50_5_1,0.1,0.9,5,0,0,0,0,2,4,2,11.245,0.490,0.000,0.490,296.0,0.125542,1758.0
tree_50-50_10_1,1.0,0.0,13,0,0,5,0,7,16,5,135.686,1.601,0.567,2.168,197.0,90.4814,2774.0
tree_100-50_5_1,1.0,0.0,13,0,0,5,0,4,16,3,151.681,1.082,0.558,1.639,261.0,90.4814,1773.0
tree_100-50_5_1,0.9,0.1,14,0,0,4,0,4,15,3,42.143,1.095,0.445,1.540,261.0,72.4103,1466.0
tree_100-50_10_1,0.8,0.2
tree_100-50_10_1,0.7,0.3
tree_100-50_10_1,0.6,0.4