benchmark,w_ops,w_keys,noise_budget,add,sub,multiply_plain,rotate_rows,negate,multiply,Depth,Multiplicative Depth,compile_time (s),circuit_execution_time (s),galois_keys_generation_time (s),total_execution_time (s),Remaining_noise_budget,rotation_keys_size (MB),rotation_keys_count,final_ops_cost,final_keys_cost
lin_reg_4,0.8,0.2,230,2,0,1,0,0,1,3,1,10.502,0.012,0.000,0.012,144,0.0628271,0,108.0,0.0
lin_reg_4,0.8,0.2,369,2,0,1,0,0,1,3,1,5.831,0.011,0.000,0.011,144,0.0628271,0,108.0,0.0
lin_reg_4,0.8,0.2,9000,2,0,1,0,0,1,3,1,5.701,0.140,0.000,0.140,794,0.25103,0,108.0,0.0
lin_reg_4,0.2,0.8,230,2,0,1,0,0,1,3,1,5.865,0.011,0.000,0.011,144,0.0628271,0,108.0,0.0
lin_reg_4,0.2,0.8,369,2,0,1,0,0,1,3,1,5.796,0.010,0.000,0.010,144,0.0628271,0,108.0,0.0
lin_reg_4,0.2,0.8,9000,2,0,1,0,0,1,3,1,5.791,0.144,0.000,0.144,794,0.25103,0,108.0,0.0
lin_reg_4,1.0,0.0,230,2,0,1,0,0,1,3,1,5.931,0.011,0.000,0.011,144,0.0628271,0,108.0,0.0
lin_reg_4,1.0,0.0,369,2,0,1,0,0,1,3,1,5.807,0.011,0.000,0.011,144,0.0628271,0,108.0,0.0
lin_reg_4,1.0,0.0,9000,2,0,1,0,0,1,3,1,5.876,0.143,0.000,0.143,794,0.25103,0,108.0,0.0
lin_reg_4,0.0,1.0,230,2,0,1,0,0,1,3,1,5.681,0.011,0.000,0.011,144,0.0628271,0,3006.0,0.0
lin_reg_4,0.0,1.0,369,2,0,1,0,0,1,3,1,5.630,0.010,0.000,0.010,144,0.0628271,0,3006.0,0.0
lin_reg_4,0.0,1.0,9000,2,0,1,0,0,1,3,1,5.721,0.151,0.000,0.151,794,0.25103,0,3006.0,0.0
lin_reg_8,0.8,0.2,230,2,0,1,0,0,1,3,1,5.825,0.011,0.000,0.011,144,0.0628271,0,108.0,0.0
lin_reg_8,0.8,0.2,369,2,0,1,0,0,1,3,1,5.802,0.010,0.000,0.010,144,0.0628271,0,108.0,0.0
lin_reg_8,0.8,0.2,9000,2,0,1,0,0,1,3,1,5.784,0.154,0.000,0.154,794,0.25103,0,108.0,0.0
lin_reg_8,0.2,0.8,230,2,0,1,0,0,1,3,1,5.838,0.010,0.000,0.010,144,0.0628271,0,108.0,0.0
lin_reg_8,0.2,0.8,369,2,0,1,0,0,1,3,1,5.868,0.010,0.000,0.010,144,0.0628271,0,108.0,0.0
lin_reg_8,0.2,0.8,9000,2,0,1,0,0,1,3,1,5.798,0.208,0.000,0.208,794,0.25103,0,108.0,0.0
lin_reg_8,1.0,0.0,230,2,0,1,0,0,1,3,1,5.890,0.011,0.000,0.011,144,0.0628271,0,108.0,0.0
lin_reg_8,1.0,0.0,369,2,0,1,0,0,1,3,1,5.864,0.010,0.000,0.010,144,0.0628271,0,108.0,0.0
lin_reg_8,1.0,0.0,9000,2,0,1,0,0,1,3,1,5.764,0.139,0.000,0.139,794,0.25103,0,108.0,0.0
lin_reg_8,0.0,1.0,230,2,0,1,0,0,1,3,1,5.758,0.011,0.000,0.011,144,0.0628271,0,6006.0,0.0
lin_reg_8,0.0,1.0,369,2,0,1,0,0,1,3,1,5.668,0.011,0.000,0.011,144,0.0628271,0,6006.0,0.0
lin_reg_8,0.0,1.0,9000,2,0,1,0,0,1,3,1,6.470,0.184,0.000,0.184,794,0.25103,0,6006.0,0.0
lin_reg_16,0.8,0.2,230,2,0,1,0,0,1,3,1,7.519,0.010,0.000,0.010,144,0.0628271,0,108.0,0.0
lin_reg_16,0.8,0.2,369,2,0,1,0,0,1,3,1,6.082,0.010,0.000,0.010,144,0.0628271,0,108.0,0.0
lin_reg_16,0.8,0.2,9000,2,0,1,0,0,1,3,1,6.069,0.143,0.000,0.143,794,0.25103,0,108.0,0.0
lin_reg_16,0.2,0.8,230,2,0,1,0,0,1,3,1,5.881,0.010,0.000,0.010,144,0.0628271,0,108.0,0.0
lin_reg_16,0.2,0.8,369,2,0,1,0,0,1,3,1,7.069,0.026,0.000,0.026,144,0.0628271,0,108.0,0.0
lin_reg_16,0.2,0.8,9000,2,0,1,0,0,1,3,1,7.653,0.194,0.000,0.194,794,0.25103,0,108.0,0.0
lin_reg_16,1.0,0.0,230,2,0,1,0,0,1,3,1,8.592,0.023,0.000,0.023,144,0.0628271,0,108.0,0.0
lin_reg_16,1.0,0.0,369,2,0,1,0,0,1,3,1,8.721,0.012,0.000,0.012,144,0.0628271,0,108.0,0.0
lin_reg_16,1.0,0.0,9000,2,0,1,0,0,1,3,1,8.186,0.172,0.000,0.172,794,0.25103,0,108.0,0.0
lin_reg_16,0.0,1.0,230,2,0,1,0,0,1,3,1,7.603,0.012,0.000,0.012,144,0.0628271,0,12006.0,0.0
lin_reg_16,0.0,1.0,369,2,0,1,0,0,1,3,1,7.363,0.013,0.000,0.013,144,0.0628271,0,12006.0,0.0
lin_reg_16,0.0,1.0,9000,2,0,1,0,0,1,3,1,9.415,0.166,0.000,0.166,794,0.25103,0,12006.0,0.0
lin_reg_32,0.8,0.2,230,2,0,1,0,0,1,3,1,9.372,0.012,0.000,0.012,144,0.0628271,0,108.0,0.0
lin_reg_32,0.8,0.2,369,2,0,1,0,0,1,3,1,7.864,0.013,0.000,0.013,144,0.0628271,0,108.0,0.0
lin_reg_32,0.8,0.2,9000,2,0,1,0,0,1,3,1,8.164,0.261,0.000,0.261,794,0.25103,0,108.0,0.0
lin_reg_32,0.2,0.8,230,2,0,1,0,0,1,3,1,9.887,0.026,0.000,0.026,144,0.0628271,0,108.0,0.0
lin_reg_32,0.2,0.8,369,2,0,1,0,0,1,3,1,8.113,0.012,0.000,0.012,144,0.0628271,0,108.0,0.0
lin_reg_32,0.2,0.8,9000,2,0,1,0,0,1,3,1,8.257,0.172,0.000,0.172,794,0.25103,0,108.0,0.0
lin_reg_32,1.0,0.0,230,2,0,1,0,0,1,3,1,11.954,0.026,0.000,0.026,144,0.0628271,0,108.0,0.0
lin_reg_32,1.0,0.0,369,2,0,1,0,0,1,3,1,9.445,0.012,0.000,0.012,144,0.0628271,0,108.0,0.0
lin_reg_32,1.0,0.0,9000,2,0,1,0,0,1,3,1,7.795,0.198,0.000,0.198,794,0.25103,0,108.0,0.0
lin_reg_32,0.0,1.0,230,2,0,1,0,0,1,3,1,7.541,0.012,0.000,0.012,144,0.0628271,0,24006.0,0.0
lin_reg_32,0.0,1.0,369,2,0,1,0,0,1,3,1,7.633,0.014,0.000,0.014,144,0.0628271,0,24006.0,0.0
lin_reg_32,0.0,1.0,9000,2,0,1,0,0,1,3,1,7.957,0.168,0.000,0.168,794,0.25103,0,24006.0,0.0
box_blur_4,0.8,0.2,230,9,0,0,0,0,0,4,0,8.727,0.052,0.000,0.052,145,0.0628271,0,1263.0,0.0
box_blur_4,0.8,0.2,369,9,0,0,0,0,0,4,0,8.881,0.060,0.000,0.060,144,0.0628271,0,1263.0,0.0
box_blur_4,0.8,0.2,9000,9,0,0,0,0,0,4,0,8.668,0.837,0.000,0.837,795,0.25103,0,1263.0,0.0
box_blur_4,0.2,0.8,230,8,0,0,0,0,0,4,0,8.973,0.040,0.000,0.040,145,0.0628271,0,14.0,0.0
box_blur_4,0.2,0.8,369,8,0,0,0,0,0,4,0,6.855,0.047,0.000,0.047,145,0.0628271,0,14.0,0.0
box_blur_4,0.2,0.8,9000,8,0,0,0,0,0,4,0,7.706,0.620,0.000,0.620,795,0.25103,0,14.0,0.0
box_blur_4,1.0,0.0,230,10,0,0,0,0,0,4,0,7.419,0.070,0.000,0.070,144,0.0628271,0,2512.0,0.0
box_blur_4,1.0,0.0,369,10,0,0,0,0,0,4,0,7.766,0.054,0.000,0.054,144,0.0628271,0,2512.0,0.0
box_blur_4,1.0,0.0,9000,10,0,0,0,0,0,4,0,7.412,1.042,0.000,1.042,795,0.25103,0,2512.0,0.0
box_blur_4,0.0,1.0,230,13,0,0,0,0,0,6,0,8.302,0.075,0.000,0.075,144,0.0628271,0,21006.0,0.0
box_blur_4,0.0,1.0,369,13,0,0,0,0,0,6,0,6.255,0.076,0.000,0.076,144,0.0628271,0,21006.0,0.0
box_blur_4,0.0,1.0,9000,13,0,0,0,0,0,6,0,6.158,0.949,0.000,0.949,795,0.25103,0,21006.0,0.0
box_blur_8,0.8,0.2,230,9,0,0,0,0,0,4,0,11.578,0.047,0.000,0.047,144,0.0628271,0,9263.0,0.0
box_blur_8,0.8,0.2,369,9,0,0,0,0,0,4,0,12.261,0.045,0.000,0.045,145,0.0628271,0,9263.0,0.0
box_blur_8,0.8,0.2,9000,9,0,0,0,0,0,4,0,11.521,0.654,0.000,0.655,795,0.25103,0,9263.0,0.0
box_blur_8,0.2,0.8,230,8,0,0,0,0,0,4,0,12.205,0.042,0.000,0.042,144,0.0628271,0,14.0,0.0
box_blur_8,0.2,0.8,369,8,0,0,0,0,0,4,0,12.793,0.040,0.000,0.040,144,0.0628271,0,14.0,0.0
box_blur_8,0.2,0.8,9000,8,0,0,0,0,0,4,0,11.719,0.585,0.000,0.585,795,0.25103,0,14.0,0.0
box_blur_8,1.0,0.0,230,9,0,0,0,0,0,4,0,11.368,0.046,0.000,0.046,144,0.0628271,0,9263.0,0.0
box_blur_8,1.0,0.0,369,9,0,0,0,0,0,4,0,11.457,0.048,0.000,0.048,144,0.0628271,0,9263.0,0.0
box_blur_8,1.0,0.0,9000,9,0,0,0,0,0,4,0,11.559,0.652,0.000,0.652,795,0.25103,0,9263.0,0.0
box_blur_8,0.0,1.0,230,13,0,0,0,0,0,6,0,8.358,0.061,0.000,0.061,144,0.0628271,0,105006.0,0.0
box_blur_8,0.0,1.0,369,13,0,0,0,0,0,6,0,8.840,0.088,0.000,0.088,144,0.0628271,0,105006.0,0.0
box_blur_8,0.0,1.0,9000,13,0,0,0,0,0,6,0,8.332,1.028,0.000,1.028,794,0.25103,0,105006.0,0.0
box_blur_16,0.8,0.2,230,9,0,0,0,0,0,4,0,36.203,0.058,0.000,0.058,144,0.0628271,0,50263.0,0.0
box_blur_16,0.8,0.2,369,9,0,0,0,0,0,4,0,38.587,0.054,0.000,0.054,144,0.0628271,0,50263.0,0.0
box_blur_16,0.8,0.2,9000,9,0,0,0,0,0,4,0,36.090,0.641,0.000,0.641,795,0.25103,0,50263.0,0.0
box_blur_16,0.2,0.8,230,8,0,0,0,0,0,4,0,39.077,0.065,0.000,0.065,145,0.0628271,0,14.0,0.0
box_blur_16,0.2,0.8,369,8,0,0,0,0,0,4,0,39.065,0.045,0.000,0.045,144,0.0628271,0,14.0,0.0
box_blur_16,0.2,0.8,9000,8,0,0,0,0,0,4,0,39.367,0.690,0.000,0.690,795,0.25103,0,14.0,0.0
box_blur_16,1.0,0.0,230,9,0,0,0,0,0,4,0,36.599,0.059,0.000,0.059,144,0.0628271,0,50263.0,0.0
box_blur_16,1.0,0.0,369,9,0,0,0,0,0,4,0,37.757,0.068,0.000,0.068,144,0.0628271,0,50263.0,0.0
box_blur_16,1.0,0.0,9000,9,0,0,0,0,0,4,0,35.915,0.681,0.000,0.681,795,0.25103,0,50263.0,0.0
box_blur_16,0.0,1.0,230,13,0,0,0,0,0,6,0,15.881,0.094,0.000,0.094,144,0.0628271,0,465006.0,0.0
box_blur_16,0.0,1.0,369,13,0,0,0,0,0,6,0,18.200,0.065,0.000,0.065,144,0.0628271,0,465006.0,0.0
box_blur_16,0.0,1.0,9000,13,0,0,0,0,0,6,0,15.480,1.011,0.000,1.011,794,0.25103,0,465006.0,0.0
box_blur_32,0.8,0.2,230,9,0,0,0,0,0,4,0,185.326,0.059,0.000,0.059,144,0.0628271,0,226013.0,0.0
box_blur_32,0.8,0.2,369,9,0,0,0,0,0,4,0,191.498,0.057,0.000,0.057,145,0.0628271,0,226013.0,0.0
box_blur_32,0.8,0.2,9000,9,0,0,0,0,0,4,0,183.009,1.125,0.000,1.125,795,0.25103,0,226013.0,0.0
box_blur_32,0.2,0.8,230,8,0,0,0,0,0,4,0,176.697,0.047,0.000,0.047,144,0.0628271,0,14.0,0.0
box_blur_32,0.2,0.8,369,8,0,0,0,0,0,4,0,176.589,0.049,0.000,0.049,145,0.0628271,0,14.0,0.0
box_blur_32,0.2,0.8,9000,8,0,0,0,0,0,4,0,192.444,0.623,0.000,0.624,795,0.25103,0,14.0,0.0
box_blur_32,1.0,0.0,230,9,0,0,0,0,0,4,0,165.592,0.057,0.000,0.057,144,0.0628271,0,226013.0,0.0
box_blur_32,1.0,0.0,369,9,0,0,0,0,0,4,0,185.038,0.071,0.000,0.071,145,0.0628271,0,226013.0,0.0
box_blur_32,1.0,0.0,9000,9,0,0,0,0,0,4,0,239.989,0.961,0.000,0.961,795,0.25103,0,226013.0,0.0
box_blur_32,0.0,1.0,230,13,0,0,0,0,0,6,0,74.825,0.074,0.000,0.074,144,0.0628271,0,1953006.0,0.0
box_blur_32,0.0,1.0,369,13,0,0,0,0,0,6,0,61.760,0.073,0.000,0.073,144,0.0628271,0,1953006.0,0.0
box_blur_32,0.0,1.0,9000,13,0,0,0,0,0,6,0,61.635,0.947,0.000,0.947,794,0.25103,0,1953006.0,0.0
matrix_mul_4,0.8,0.2,230,3,0,0,0,0,4,3,1,9.345,0.114,0.000,0.114,113,0.0628271,0,4309.0,0.0
matrix_mul_4,0.8,0.2,369,3,0,0,0,0,4,3,1,6.882,0.113,0.000,0.113,113,0.0628271,0,4309.0,0.0
matrix_mul_4,0.8,0.2,9000,3,0,0,0,0,4,3,1,8.299,2.914,0.000,2.914,762,0.25103,0,4309.0,0.0
matrix_mul_4,0.2,0.8,230,3,0,0,0,0,4,3,1,7.939,0.122,0.000,0.122,113,0.0628271,0,409.0,0.0
matrix_mul_4,0.2,0.8,369,3,0,0,0,0,4,3,1,7.407,0.134,0.000,0.134,113,0.0628271,0,409.0,0.0
matrix_mul_4,0.2,0.8,9000,3,0,0,0,0,4,3,1,10.069,2.542,0.000,2.542,762,0.25103,0,409.0,0.0
matrix_mul_4,1.0,0.0,230,3,0,0,0,0,4,3,1,6.793,0.121,0.000,0.121,113,0.0628271,0,4309.0,0.0
matrix_mul_4,1.0,0.0,369,3,0,0,0,0,4,3,1,6.888,0.109,0.000,0.109,113,0.0628271,0,4309.0,0.0
matrix_mul_4,1.0,0.0,9000,3,0,0,0,0,4,3,1,6.804,2.396,0.000,2.396,762,0.25103,0,4309.0,0.0
matrix_mul_4,0.0,1.0,230,3,0,0,0,0,4,3,1,6.054,0.108,0.000,0.108,113,0.0628271,0,28006.0,0.0
matrix_mul_4,0.0,1.0,369,3,0,0,0,0,4,3,1,6.041,0.110,0.000,0.110,113,0.0628271,0,28006.0,0.0
matrix_mul_4,0.0,1.0,9000,3,0,0,0,0,4,3,1,5.940,2.329,0.000,2.329,762,0.25103,0,28006.0,0.0
matrix_mul_8,0.8,0.2,230,7,0,0,0,0,8,4,1,27.725,0.220,0.000,0.220,113,0.0628271,0,32614.0,0.0
matrix_mul_8,0.8,0.2,369,7,0,0,0,0,8,4,1,27.463,0.300,0.000,0.300,113,0.0628271,0,16714.0,0.0
matrix_mul_8,0.8,0.2,9000,7,0,0,0,0,8,4,1,32.688,4.848,0.000,4.848,761,0.25103,0,16714.0,0.0
matrix_mul_8,0.2,0.8,230,7,0,0,0,0,8,4,1,30.993,0.232,0.000,0.232,113,0.0628271,0,814.0,0.0
matrix_mul_8,0.2,0.8,369,7,0,0,0,0,8,4,1,33.714,0.232,0.000,0.232,113,0.0628271,0,814.0,0.0
matrix_mul_8,0.2,0.8,9000,7,0,0,0,0,8,4,1,29.765,4.967,0.000,4.967,762,0.25103,0,814.0,0.0
matrix_mul_8,1.0,0.0,230,7,0,0,0,0,8,4,1,30.027,0.220,0.000,0.220,113,0.0628271,0,32614.0,0.0
matrix_mul_8,1.0,0.0,369,7,0,0,0,0,8,4,1,31.265,0.247,0.000,0.247,113,0.0628271,0,32614.0,0.0
matrix_mul_8,1.0,0.0,9000,7,0,0,0,0,8,4,1,29.193,5.228,0.000,5.228,761,0.25103,0,32614.0,0.0
matrix_mul_8,0.0,1.0,230,7,0,0,0,0,8,4,1,13.403,0.222,0.000,0.222,113,0.0628271,0,240007.0,0.0
matrix_mul_8,0.0,1.0,369,7,0,0,0,0,8,4,1,10.865,0.220,0.000,0.220,113,0.0628271,0,240007.0,0.0
matrix_mul_8,0.0,1.0,9000,7,0,0,0,0,8,4,1,10.205,5.170,0.000,5.170,761,0.25103,0,240007.0,0.0
matrix_mul_16,0.8,0.2,230,15,0,0,0,0,16,5,1,480.875,0.479,0.000,0.479,112,0.0628271,0,257223.0,0.0
matrix_mul_16,0.8,0.2,369,15,0,0,0,0,16,5,1,457.873,0.487,0.000,0.487,112,0.0628271,0,257223.0,0.0
matrix_mul_16,0.8,0.2,9000,15,0,0,0,0,16,5,1,570.631,12.183,0.000,12.183,761,0.25103,0,257223.0,0.0
matrix_mul_16,0.2,0.8,230,15,0,0,0,0,16,8,1,735.583,0.523,0.000,0.523,112,0.0628271,0,65526.0,0.0
matrix_mul_16,0.2,0.8,369,15,0,0,0,0,16,5,1,632.627,0.619,0.000,0.619,112,0.0628271,0,1623.0,0.0
matrix_mul_16,0.2,0.8,9000,15,0,0,0,0,16,8,1,511.455,9.720,0.000,9.720,761,0.25103,0,65526.0,0.0
matrix_mul_16,1.0,0.0,230,15,0,0,0,0,16,5,1,428.904,0.462,0.000,0.462,112,0.0628271,0,321123.0,0.0
matrix_mul_16,1.0,0.0,369,15,0,0,0,0,16,5,1,397.578,0.411,0.000,0.411,112,0.0628271,0,321123.0,0.0
matrix_mul_16,1.0,0.0,9000,15,0,0,0,0,16,5,1,394.747,9.660,0.000,9.660,761,0.25103,0,321123.0,0.0
matrix_mul_16,0.0,1.0,230,15,0,0,0,0,16,5,1,50.433,0.411,0.000,0.411,112,0.0628271,0,1984008.0,0.0
matrix_mul_16,0.0,1.0,369,15,0,0,0,0,16,5,1,51.277,0.427,0.000,0.427,112,0.0628271,0,1984008.0,0.0
matrix_mul_16,0.0,1.0,9000,15,0,0,0,0,16,5,1,49.917,9.249,0.000,9.249,761,0.25103,0,1984008.0,0.0
matrix_mul_32,0.8,0.2,230,0,0,0,0,0,0,N/A,N/A,N/A,N/A,N/A,N/A,N/A,N/A,N/A,N/A,N/A
matrix_mul_32,0.8,0.2,369,0,0,0,0,0,0,N/A,N/A,N/A,N/A,N/A,N/A,N/A,N/A,N/A,N/A,N/A
matrix_mul_32,0.8,0.2,9000,0,0,0,0,0,0,N/A,N/A,N/A,N/A,N/A,N/A,N/A,N/A,N/A,N/A,N/A
matrix_mul_32,0.2,0.8,230,0,0,0,0,0,0,N/A,N/A,N/A,N/A,N/A,N/A,N/A,N/A,N/A,N/A,N/A
matrix_mul_32,0.2,0.8,369,0,0,0,0,0,0,N/A,N/A,N/A,N/A,N/A,N/A,N/A,N/A,N/A,N/A,N/A
matrix_mul_32,0.2,0.8,9000,0,0,0,0,0,0,N/A,N/A,N/A,N/A,N/A,N/A,N/A,N/A,N/A,N/A,N/A
matrix_mul_32,1.0,0.0,230,0,0,0,0,0,0,N/A,N/A,N/A,N/A,N/A,N/A,N/A,N/A,N/A,N/A,N/A
matrix_mul_32,1.0,0.0,369,0,0,0,0,0,0,N/A,N/A,N/A,N/A,N/A,N/A,N/A,N/A,N/A,N/A,N/A
matrix_mul_32,1.0,0.0,9000,0,0,0,0,0,0,N/A,N/A,N/A,N/A,N/A,N/A,N/A,N/A,N/A,N/A,N/A
matrix_mul_32,0.0,1.0,230,0,0,0,0,0,0,N/A,N/A,N/A,N/A,N/A,N/A,N/A,N/A,N/A,N/A,N/A
matrix_mul_32,0.0,1.0,369,0,0,0,0,0,0,N/A,N/A,N/A,N/A,N/A,N/A,N/A,N/A,N/A,N/A,N/A
matrix_mul_32,0.0,1.0,9000,0,0,0,0,0,0,N/A,N/A,N/A,N/A,N/A,N/A,N/A,N/A,N/A,N/A,N/A
max_3,0.8,0.2,230,5,0,0,2,2,3,9,2,5.831,0.082,0.020,0.101,81,5.08319,2,664.0,2.0
max_3,0.8,0.2,369,5,0,0,2,2,3,9,2,6.049,0.081,0.019,0.101,81,5.08319,2,664.0,2.0
max_3,0.8,0.2,9000,5,0,0,2,2,3,9,2,6.120,1.925,0.984,2.908,728,241.192,2,664.0,2.0
max_3,0.2,0.8,230,6,0,0,0,3,6,6,2,5.553,0.178,0.000,0.178,82,0.0628271,0,3009.0,0.0
max_3,0.2,0.8,369,6,0,0,0,3,6,6,2,5.501,0.136,0.000,0.136,81,0.0628271,0,3009.0,0.0
max_3,0.2,0.8,9000,6,0,0,0,3,6,6,2,5.495,3.001,0.000,3.001,729,0.25103,0,3009.0,0.0
max_3,1.0,0.0,230,5,0,0,2,2,3,9,2,5.846,0.083,0.022,0.105,81,5.08319,2,664.0,2.0
max_3,1.0,0.0,369,5,0,0,2,2,3,9,2,6.088,0.081,0.019,0.100,81,5.08319,2,664.0,2.0
max_3,1.0,0.0,9000,5,0,0,2,2,3,9,2,5.928,1.976,1.038,3.014,728,241.192,2,664.0,2.0
max_3,0.0,1.0,230,6,0,0,0,3,6,6,2,5.527,0.130,0.000,0.130,82,0.0628271,0,3009.0,0.0
max_3,0.0,1.0,369,6,0,0,0,3,6,6,2,5.537,0.136,0.000,0.136,82,0.0628271,0,3009.0,0.0
max_3,0.0,1.0,9000,6,0,0,0,3,6,6,2,5.477,2.984,0.000,2.984,729,0.25103,0,3009.0,0.0
max_4,0.8,0.2,230,9,0,0,2,4,7,11,3,8.543,0.170,0.020,0.190,49,5.08319,2,1071.0,2.0
max_4,0.8,0.2,369,9,0,0,2,4,7,11,3,8.437,0.178,0.020,0.197,49,5.08319,2,1071.0,2.0
max_4,0.8,0.2,9000,9,0,0,2,4,7,11,3,8.448,4.118,1.016,5.134,694,241.192,2,1071.0,2.0
max_4,0.2,0.8,230,12,0,0,0,16,12,14,3,16.727,0.256,0.000,0.256,50,0.0628271,0,25823.0,0.0
max_4,0.2,0.8,369,12,0,0,0,6,12,8,3,6.030,0.250,0.000,0.250,49,0.0628271,0,8764.0,0.0
max_4,0.2,0.8,9000,12,0,0,0,6,12,8,3,5.686,5.950,0.000,5.950,694,0.25103,0,7512.0,0.0
max_4,1.0,0.0,230,9,0,0,2,4,7,11,3,7.976,0.169,0.020,0.189,49,5.08319,2,2069.0,2.0
max_4,1.0,0.0,369,9,0,0,2,4,7,11,3,7.942,0.179,0.022,0.201,49,5.08319,2,2069.0,2.0
max_4,1.0,0.0,9000,9,0,0,2,4,7,11,3,8.026,4.132,1.025,5.157,694,241.192,2,1570.0,2.0
max_4,0.0,1.0,230,12,0,0,0,6,12,8,3,5.523,0.268,0.000,0.268,49,0.0628271,0,7012.0,0.0
max_4,0.0,1.0,369,12,0,0,0,6,12,8,3,5.637,0.252,0.000,0.252,49,0.0628271,0,7012.0,0.0
max_4,0.0,1.0,9000,12,0,0,0,6,12,8,3,5.503,6.001,0.000,6.001,695,0.25103,0,7012.0,0.0
max_5,0.8,0.2,230,16,0,0,2,7,13,14,4,17.843,0.303,0.020,0.323,17,5.08319,2,4080.0,2.0
max_5,0.8,0.2,369,15,0,0,2,7,13,13,4,20.469,0.308,0.020,0.328,16,5.08319,2,2880.0,2.0
max_5,0.8,0.2,9000,15,0,0,2,7,13,13,4,20.422,7.233,1.043,8.276,660,241.192,2,1882.0,2.0
max_5,0.2,0.8,230,20,0,0,0,10,20,10,4,15.687,0.424,0.000,0.424,17,0.0628271,0,29520.0,0.0
max_5,0.2,0.8,369,20,0,0,0,10,20,10,4,10.196,0.415,0.000,0.415,17,0.0628271,0,23269.0,0.0
max_5,0.2,0.8,9000,20,0,0,0,10,20,10,4,14.645,9.962,0.000,9.962,660,0.25103,0,29276.0,0.0
max_5,1.0,0.0,230,16,0,0,2,7,13,14,4,17.580,0.314,0.021,0.336,17,5.08319,2,4579.0,2.0
max_5,1.0,0.0,369,16,0,0,2,7,13,14,4,16.988,0.301,0.020,0.321,17,5.08319,2,5078.0,2.0
max_5,1.0,0.0,9000,16,0,0,2,7,13,14,4,16.892,7.283,1.011,8.294,660,241.192,2,4579.0,2.0
max_5,0.0,1.0,230,20,0,0,0,10,20,10,4,6.088,0.427,0.000,0.427,17,0.0628271,0,15015.0,0.0
max_5,0.0,1.0,369,20,0,0,0,10,20,10,4,5.859,0.414,0.000,0.414,17,0.0628271,0,15015.0,0.0
max_5,0.0,1.0,9000,20,0,0,0,10,20,10,4,5.603,9.846,0.000,9.846,661,0.25103,0,15015.0,0.0
sort_3,0.8,0.2,230,11,1,0,2,4,7,12,3,6.612,0.187,0.020,0.207,49,5.08319,2,2918.0,2.0
sort_3,0.8,0.2,369,13,0,0,2,5,7,12,3,6.188,0.184,0.020,0.203,49,5.08319,2,3166.0,2.0
sort_3,0.8,0.2,9000,13,0,0,2,5,7,12,3,16.032,4.220,1.019,5.239,694,241.192,2,3166.0,2.0
sort_3,0.2,0.8,230,8,0,0,0,3,10,8,3,16.628,0.211,0.000,0.211,50,0.0628271,0,23833.0,0.0
sort_3,0.2,0.8,369,8,0,0,0,3,10,8,3,5.532,0.219,0.000,0.219,50,0.0628271,0,5262.0,0.0
sort_3,0.2,0.8,9000,8,0,0,0,4,10,9,3,13.723,5.055,0.000,5.055,695,0.25103,0,23772.0,0.0
sort_3,1.0,0.0,230,N/A,N/A,N/A,N/A,N/A,N/A,N/A,N/A,N/A,N/A,N/A,N/A,N/A,N/A,N/A,N/A,N/A
sort_3,1.0,0.0,369,15,1,0,3,5,8,13,3,21.087,0.271,0.013,0.284,49,2.573,1,3218.0,1.0
sort_3,1.0,0.0,9000,12,1,0,2,6,7,13,3,20.966,5.323,0.701,6.024,694,120.721,1,2921.0,1.0
sort_3,0.0,1.0,230,8,0,0,0,3,10,8,3,6.689,0.310,0.000,0.310,50,0.0628271,0,5012.0,0.0
sort_3,0.0,1.0,369,8,0,0,0,3,10,8,3,6.677,0.275,0.000,0.275,50,0.0628271,0,5012.0,0.0
sort_3,0.0,1.0,9000,8,0,0,0,3,10,8,3,6.758,6.586,0.000,6.586,695,0.25103,0,5012.0,0.0
l2_distance_4,0.8,0.2,230,2,2,0,1,0,2,5,1,7.301,0.076,0.013,0.089,112,2.573,1,264.0,1.0
l2_distance_4,0.8,0.2,369,2,2,0,1,0,2,5,1,7.515,0.074,0.013,0.087,112,2.573,1,264.0,1.0
l2_distance_4,0.8,0.2,9000,2,2,0,1,0,2,5,1,7.216,1.864,0.669,2.533,761,120.721,1,264.0,1.0
l2_distance_4,0.2,0.8,230,3,4,0,0,0,4,4,1,6.697,0.136,0.000,0.136,112,0.0628271,0,3757.0,0.0
l2_distance_4,0.2,0.8,369,3,4,0,0,0,4,4,1,6.710,0.186,0.000,0.186,112,0.0628271,0,3757.0,0.0
l2_distance_4,0.2,0.8,9000,3,4,0,0,0,4,4,1,6.669,3.252,0.000,3.252,761,0.25103,0,3757.0,0.0
l2_distance_4,1.0,0.0,230,2,2,0,1,0,2,5,1,7.786,0.074,0.013,0.087,112,2.573,1,264.0,1.0
l2_distance_4,1.0,0.0,369,2,2,0,1,0,2,5,1,7.822,0.074,0.013,0.087,112,2.573,1,264.0,1.0
l2_distance_4,1.0,0.0,9000,2,2,0,1,0,2,5,1,7.309,1.788,0.658,2.446,761,120.721,1,264.0,1.0
l2_distance_4,0.0,1.0,230,3,4,0,0,0,4,4,1,6.780,0.209,0.000,0.209,112,0.0628271,0,3757.0,0.0
l2_distance_4,0.0,1.0,369,3,4,0,0,0,4,4,1,6.819,0.226,0.000,0.226,112,0.0628271,0,3757.0,0.0
l2_distance_4,0.0,1.0,9000,3,4,0,0,0,4,4,1,6.607,3.201,0.000,3.201,761,0.25103,0,3757.0,0.0
l2_distance_8,0.8,0.2,230,5,4,0,1,0,4,6,1,9.635,0.142,0.013,0.155,112,2.573,1,471.0,1.0
l2_distance_8,0.8,0.2,369,7,8,0,0,0,8,5,1,7.126,0.302,0.000,0.302,112,0.0628271,0,8511.0,0.0
l2_distance_8,0.8,0.2,9000,0,0,0,0,0,0,N/A,N/A,N/A,N/A,N/A,N/A,N/A,N/A,N/A,26526.0,0.0
l2_distance_8,0.2,0.8,230,7,8,0,0,0,8,5,1,6.644,0.292,0.000,0.292,112,0.0628271,0,8009.0,0.0
l2_distance_8,0.2,0.8,369,7,8,0,0,0,8,5,1,6.853,0.447,0.000,0.447,112,0.0628271,0,8009.0,0.0
l2_distance_8,0.2,0.8,9000,7,8,0,0,0,8,5,1,6.826,6.372,0.000,6.372,760,0.25103,0,7758.0,0.0
l2_distance_8,1.0,0.0,230,4,4,0,1,0,4,6,1,9.191,0.143,0.013,0.156,112,2.573,1,471.0,1.0
l2_distance_8,1.0,0.0,369,4,4,0,1,0,4,6,1,8.819,0.137,0.013,0.150,112,2.573,1,471.0,1.0
l2_distance_8,1.0,0.0,9000,4,4,0,1,0,4,6,1,8.693,3.476,0.824,4.300,760,120.721,1,471.0,1.0
l2_distance_8,0.0,1.0,230,7,8,0,0,0,8,5,1,7.049,0.261,0.000,0.261,112,0.0628271,0,7758.0,0.0
l2_distance_8,0.0,1.0,369,7,8,0,0,0,8,5,1,7.070,0.270,0.000,0.270,112,0.0628271,0,7758.0,0.0
l2_distance_8,0.0,1.0,9000,7,8,0,0,0,8,5,1,6.843,6.101,0.000,6.101,760,0.25103,0,7758.0,0.0
l2_distance_16,0.8,0.2,230,15,16,0,0,0,16,6,1,16.388,0.681,0.000,0.681,111,0.0628271,0,27271.0,0.0
l2_distance_16,0.8,0.2,369,10,8,0,1,0,8,9,1,24.593,0.366,0.013,0.379,111,2.573,1,4184.0,1.0
l2_distance_16,0.8,0.2,9000,0,0,0,0,0,0,N/A,N/A,N/A,N/A,N/A,N/A,N/A,N/A,N/A,34512.0,0.0
l2_distance_16,0.2,0.8,230,15,16,0,0,0,16,6,1,22.986,0.771,0.000,0.771,111,0.0628271,0,34521.0,0.0
l2_distance_16,0.2,0.8,369,15,16,0,0,0,16,6,1,23.249,0.577,0.000,0.577,111,0.0628271,0,34518.0,0.0
l2_distance_16,0.2,0.8,9000,15,16,0,0,0,16,6,1,22.689,12.767,0.000,12.767,760,0.25103,0,34519.0,0.0
l2_distance_16,1.0,0.0,230,8,8,0,1,0,8,7,1,15.061,0.286,0.013,0.299,111,2.573,1,884.0,1.0
l2_distance_16,1.0,0.0,369,8,8,0,1,0,8,7,1,14.649,0.303,0.013,0.316,111,2.573,1,884.0,1.0
l2_distance_16,1.0,0.0,9000,8,8,0,1,0,8,7,1,14.057,6.400,0.679,7.079,760,120.721,1,884.0,1.0
l2_distance_16,0.0,1.0,230,15,16,0,0,0,16,6,1,7.253,0.705,0.000,0.705,111,0.0628271,0,15759.0,0.0
l2_distance_16,0.0,1.0,369,15,16,0,0,0,16,6,1,7.248,0.545,0.000,0.545,111,0.0628271,0,15759.0,0.0
l2_distance_16,0.0,1.0,9000,15,16,0,0,0,16,6,1,6.828,12.101,0.000,12.101,760,0.25103,0,15759.0,0.0
l2_distance_32,0.8,0.2,230,31,32,0,0,0,32,7,1,38.314,1.115,0.000,1.115,111,0.0628271,0,50520.0,0.0
l2_distance_32,0.8,0.2,369,0,0,0,0,0,0,N/A,N/A,N/A,N/A,N/A,N/A,N/A,N/A,N/A,42574.0,1.0
l2_distance_32,0.8,0.2,9000,0,0,0,0,0,0,N/A,N/A,N/A,N/A,N/A,N/A,N/A,N/A,N/A,50513.0,0.0
l2_distance_32,0.2,0.8,230,31,32,0,0,0,32,7,1,44.093,1.381,0.000,1.381,111,0.0628271,0,50518.0,0.0
l2_distance_32,0.2,0.8,369,31,32,0,0,0,32,7,1,41.864,1.121,0.000,1.121,111,0.0628271,0,50516.0,0.0
l2_distance_32,0.2,0.8,9000,31,32,0,0,0,32,7,1,35.056,25.132,0.000,25.132,759,0.25103,0,50514.0,0.0
l2_distance_32,1.0,0.0,230,16,16,0,1,0,16,8,1,45.064,0.650,0.013,0.663,111,2.573,1,1709.0,1.0
l2_distance_32,1.0,0.0,369,16,16,0,1,0,16,8,1,42.642,0.541,0.013,0.554,111,2.573,1,3107.0,1.0
l2_distance_32,1.0,0.0,9000,16,16,0,1,0,16,8,1,44.366,13.054,0.706,13.760,759,120.721,1,1709.0,1.0
l2_distance_32,0.0,1.0,230,31,32,0,0,0,32,7,1,8.077,1.067,0.000,1.067,111,0.0628271,0,31760.0,0.0
l2_distance_32,0.0,1.0,369,31,32,0,0,0,32,7,1,7.225,1.230,0.000,1.230,110,0.0628271,0,31760.0,0.0
l2_distance_32,0.0,1.0,9000,31,32,0,0,0,32,7,1,7.195,24.453,0.000,24.453,759,0.25103,0,31760.0,0.0
poly_reg_4,0.8,0.2,230,3,0,0,0,0,2,5,2,8.004,0.076,0.000,0.076,82,0.0628271,0,212.0,0.0
poly_reg_4,0.8,0.2,369,3,0,0,0,0,2,5,2,7.099,0.092,0.000,0.092,82,0.0628271,0,212.0,0.0
poly_reg_4,0.8,0.2,9000,3,0,0,0,0,2,5,2,7.378,1.663,0.000,1.663,729,0.25103,0,212.0,0.0
poly_reg_4,0.2,0.8,230,3,0,0,0,0,2,5,2,6.548,0.075,0.000,0.075,82,0.0628271,0,212.0,0.0
poly_reg_4,0.2,0.8,369,3,0,0,0,0,2,5,2,7.311,0.074,0.000,0.074,82,0.0628271,0,212.0,0.0
poly_reg_4,0.2,0.8,9000,3,0,0,0,0,2,5,2,6.976,1.631,0.000,1.632,730,0.25103,0,212.0,0.0
poly_reg_4,1.0,0.0,230,3,0,0,0,0,2,5,2,7.218,0.076,0.000,0.076,82,0.0628271,0,212.0,0.0
poly_reg_4,1.0,0.0,369,3,0,0,0,0,2,5,2,6.828,0.076,0.000,0.076,82,0.0628271,0,212.0,0.0
poly_reg_4,1.0,0.0,9000,3,0,0,0,0,2,5,2,7.005,1.634,0.000,1.634,729,0.25103,0,212.0,0.0
poly_reg_4,0.0,1.0,230,3,0,0,0,0,2,5,2,6.980,0.083,0.000,0.083,82,0.0628271,0,212.0,0.0
poly_reg_4,0.0,1.0,369,3,0,0,0,0,2,5,2,7.066,0.109,0.000,0.109,82,0.0628271,0,212.0,0.0
poly_reg_4,0.0,1.0,9000,3,0,0,0,0,2,5,2,7.027,1.611,0.000,1.611,730,0.25103,0,212.0,0.0
poly_reg_8,0.8,0.2,230,3,0,0,0,0,2,5,2,9.438,0.075,0.000,0.075,82,0.0628271,0,212.0,0.0
poly_reg_8,0.8,0.2,369,3,0,0,0,0,2,5,2,7.432,0.073,0.000,0.073,82,0.0628271,0,2112.0,0.0
poly_reg_8,0.8,0.2,9000,3,0,0,0,0,2,5,2,7.328,1.687,0.000,1.687,729,0.25103,0,212.0,0.0
poly_reg_8,0.2,0.8,230,3,0,0,0,0,2,5,2,7.319,0.078,0.000,0.078,82,0.0628271,0,212.0,0.0
poly_reg_8,0.2,0.8,369,3,0,0,0,0,2,5,2,7.335,0.076,0.000,0.076,82,0.0628271,0,2112.0,0.0
poly_reg_8,0.2,0.8,9000,3,0,0,0,0,2,5,2,7.311,1.704,0.000,1.704,730,0.25103,0,212.0,0.0
poly_reg_8,1.0,0.0,230,3,0,0,0,0,2,5,2,7.131,0.074,0.000,0.074,82,0.0628271,0,212.0,0.0
poly_reg_8,1.0,0.0,369,3,0,0,0,0,2,5,2,7.554,0.075,0.000,0.075,82,0.0628271,0,2112.0,0.0
poly_reg_8,1.0,0.0,9000,3,0,0,0,0,2,5,2,7.090,1.583,0.000,1.583,729,0.25103,0,212.0,0.0
poly_reg_8,0.0,1.0,230,3,0,0,0,0,2,5,2,7.146,0.088,0.000,0.088,82,0.0628271,0,212.0,0.0
poly_reg_8,0.0,1.0,369,3,0,0,0,0,2,5,2,7.178,0.074,0.000,0.074,82,0.0628271,0,2112.0,0.0
poly_reg_8,0.0,1.0,9000,3,0,0,0,0,2,5,2,7.303,1.659,0.000,1.659,729,0.25103,0,212.0,0.0
poly_reg_16,0.8,0.2,230,3,0,0,0,0,2,5,2,7.531,0.075,0.000,0.075,82,0.0628271,0,212.0,0.0
poly_reg_16,0.8,0.2,369,3,0,0,0,0,2,5,2,7.435,0.074,0.000,0.074,82,0.0628271,0,4112.0,0.0
poly_reg_16,0.8,0.2,9000,3,0,0,0,0,2,5,2,7.577,1.624,0.000,1.624,729,0.25103,0,212.0,0.0
poly_reg_16,0.2,0.8,230,3,0,0,0,0,2,5,2,7.760,0.077,0.000,0.077,82,0.0628271,0,212.0,0.0
poly_reg_16,0.2,0.8,369,3,0,0,0,0,2,5,2,7.688,0.074,0.000,0.074,82,0.0628271,0,4112.0,0.0
poly_reg_16,0.2,0.8,9000,3,0,0,0,0,2,5,2,7.500,1.565,0.000,1.565,729,0.25103,0,212.0,0.0
poly_reg_16,1.0,0.0,230,3,0,0,0,0,2,5,2,7.554,0.076,0.000,0.076,82,0.0628271,0,212.0,0.0
poly_reg_16,1.0,0.0,369,3,0,0,0,0,2,5,2,7.647,0.073,0.000,0.073,82,0.0628271,0,4112.0,0.0
poly_reg_16,1.0,0.0,9000,3,0,0,0,0,2,5,2,7.573,1.609,0.000,1.609,729,0.25103,0,212.0,0.0
poly_reg_16,0.0,1.0,230,3,0,0,0,0,2,5,2,7.653,0.089,0.000,0.089,82,0.0628271,0,212.0,0.0
poly_reg_16,0.0,1.0,369,3,0,0,0,0,2,5,2,7.574,0.074,0.000,0.074,82,0.0628271,0,4112.0,0.0
poly_reg_16,0.0,1.0,9000,3,0,0,0,0,2,5,2,7.425,1.535,0.000,1.535,729,0.25103,0,212.0,0.0
poly_reg_32,0.8,0.2,230,3,0,0,0,0,2,5,2,8.154,0.075,0.000,0.075,82,0.0628271,0,8112.0,0.0
poly_reg_32,0.8,0.2,369,3,0,0,0,0,2,5,2,8.344,0.074,0.000,0.074,82,0.0628271,0,212.0,0.0
poly_reg_32,0.8,0.2,9000,3,0,0,0,0,2,5,2,8.352,1.615,0.000,1.615,729,0.25103,0,212.0,0.0
poly_reg_32,0.2,0.8,230,3,0,0,0,0,2,5,2,8.348,0.075,0.000,0.075,82,0.0628271,0,8112.0,0.0
poly_reg_32,0.2,0.8,369,3,0,0,0,0,2,5,2,8.347,0.072,0.000,0.072,82,0.0628271,0,212.0,0.0
poly_reg_32,0.2,0.8,9000,3,0,0,0,0,2,5,2,8.300,1.647,0.000,1.647,729,0.25103,0,212.0,0.0
poly_reg_32,1.0,0.0,230,3,0,0,0,0,2,5,2,8.060,0.075,0.000,0.075,82,0.0628271,0,8112.0,0.0
poly_reg_32,1.0,0.0,369,3,0,0,0,0,2,5,2,8.506,0.074,0.000,0.074,82,0.0628271,0,212.0,0.0
poly_reg_32,1.0,0.0,9000,3,0,0,0,0,2,5,2,8.275,1.551,0.000,1.551,730,0.25103,0,212.0,0.0
poly_reg_32,0.0,1.0,230,3,0,0,0,0,2,5,2,8.313,0.079,0.000,0.079,82,0.0628271,0,8112.0,0.0
poly_reg_32,0.0,1.0,369,3,0,0,0,0,2,5,2,8.323,0.094,0.000,0.094,82,0.0628271,0,212.0,0.0
poly_reg_32,0.0,1.0,9000,3,0,0,0,0,2,5,2,9.155,1.592,0.000,1.592,729,0.25103,0,212.0,0.0
roberts_cross_4,0.8,0.2,230,6,0,0,0,3,2,5,1,8.097,0.143,0.000,0.143,113,0.0628271,0,10712.0,0.0
roberts_cross_4,0.8,0.2,369,5,1,0,0,3,2,5,1,9.556,0.081,0.000,0.081,113,0.0628271,0,9212.0,0.0
roberts_cross_4,0.8,0.2,9000,6,0,0,0,3,2,5,1,8.529,1.712,0.000,1.712,761,0.25103,0,8463.0,0.0
roberts_cross_4,0.2,0.8,230,8,0,0,0,63,2,65,1,27.387,0.097,0.000,0.097,113,0.0628271,0,27771.0,0.0
roberts_cross_4,0.2,0.8,369,8,0,0,0,64,2,66,1,27.655,0.100,0.000,0.100,113,0.0628271,0,27772.0,0.0
roberts_cross_4,0.2,0.8,9000,7,0,0,0,22,2,23,1,25.626,1.837,0.000,1.837,761,0.25103,0,27730.0,0.0
roberts_cross_4,1.0,0.0,230,6,0,0,0,3,2,5,1,8.378,0.080,0.000,0.080,113,0.0628271,0,10712.0,0.0
roberts_cross_4,1.0,0.0,369,6,0,0,0,3,2,5,1,8.438,0.080,0.000,0.080,113,0.0628271,0,10712.0,0.0
roberts_cross_4,1.0,0.0,9000,6,0,0,0,3,2,5,1,8.434,1.736,0.000,1.736,761,0.25103,0,10712.0,0.0
roberts_cross_4,0.0,1.0,230,6,0,0,0,2,3,6,1,7.253,0.107,0.000,0.107,112,0.0628271,0,31007.0,0.0
roberts_cross_4,0.0,1.0,369,6,0,0,0,2,3,6,1,7.196,0.108,0.000,0.108,112,0.0628271,0,31007.0,0.0
roberts_cross_4,0.0,1.0,9000,6,0,0,0,2,3,6,1,7.100,2.418,0.000,2.418,761,0.25103,0,31007.0,0.0
roberts_cross_8,0.8,0.2,230,2,2,0,0,3,2,4,1,19.494,0.076,0.000,0.076,113,0.0628271,0,12465.0,0.0
roberts_cross_8,0.8,0.2,369,2,2,0,0,3,2,4,1,19.276,0.075,0.000,0.075,113,0.0628271,0,12465.0,0.0
roberts_cross_8,0.8,0.2,9000,2,2,0,0,3,2,4,1,19.960,1.743,0.000,1.743,762,0.25103,0,12465.0,0.0
roberts_cross_8,0.2,0.8,230,9,0,0,0,59,2,62,1,73.766,0.106,0.000,0.106,113,0.0628271,0,69767.0,0.0
roberts_cross_8,0.2,0.8,369,9,0,0,0,27,2,21,1,79.791,0.142,0.000,0.142,113,0.0628271,0,68978.0,0.0
roberts_cross_8,0.2,0.8,9000,5,0,0,0,2,2,5,1,86.723,1.826,0.000,1.827,761,0.25103,0,135622.0,0.0
roberts_cross_8,1.0,0.0,230,4,1,0,0,4,2,5,1,17.664,0.083,0.000,0.083,113,0.0628271,0,26464.0,0.0
roberts_cross_8,1.0,0.0,369,2,2,0,0,3,2,4,1,19.616,0.075,0.000,0.075,113,0.0628271,0,24714.0,0.0
roberts_cross_8,1.0,0.0,9000,3,2,0,0,3,2,5,1,19.039,1.693,0.000,1.694,762,0.25103,0,26463.0,0.0
roberts_cross_8,0.0,1.0,230,6,0,0,0,2,3,6,1,9.511,0.108,0.000,0.108,112,0.0628271,0,149007.0,0.0
roberts_cross_8,0.0,1.0,369,6,0,0,0,2,3,6,1,9.528,0.131,0.000,0.131,112,0.0628271,0,149007.0,0.0
roberts_cross_8,0.0,1.0,9000,6,0,0,0,2,3,6,1,9.443,2.466,0.000,2.466,761,0.25103,0,149007.0,0.0
roberts_cross_16,0.8,0.2,230,2,2,0,0,3,2,4,1,67.439,0.075,0.000,0.075,113,0.0628271,0,56465.0,0.0
roberts_cross_16,0.8,0.2,369,2,2,0,0,3,2,4,1,67.556,0.083,0.000,0.083,113,0.0628271,0,56465.0,0.0
roberts_cross_16,0.8,0.2,9000,2,2,0,0,3,2,4,1,67.951,1.613,0.000,1.613,762,0.25103,0,56465.0,0.0
roberts_cross_16,0.2,0.8,230,8,0,0,0,15,2,17,1,289.404,0.172,0.000,0.172,113,0.0628271,0,249724.0,0.0
roberts_cross_16,0.2,0.8,369,11,0,2,0,37,4,37,2,335.550,0.121,0.000,0.121,91,0.0628271,0,247043.0,0.0
roberts_cross_16,0.2,0.8,9000,4,0,0,0,2,2,5,1,361.013,1.847,0.000,1.847,761,0.25103,0,426611.0,0.0
roberts_cross_16,1.0,0.0,230,0,0,0,0,0,0,N/A,N/A,N/A,N/A,N/A,N/A,N/A,N/A,N/A,132213.0,0.0
roberts_cross_16,1.0,0.0,369,0,0,0,0,0,0,N/A,N/A,N/A,N/A,N/A,N/A,N/A,N/A,N/A,113712.0,0.0
roberts_cross_16,1.0,0.0,9000,0,0,0,0,0,0,N/A,N/A,N/A,N/A,N/A,N/A,N/A,N/A,N/A,132213.0,0.0
roberts_cross_16,0.0,1.0,230,6,0,0,0,2,3,6,1,20.162,0.112,0.000,0.112,112,0.0628271,0,649007.0,0.0
roberts_cross_16,0.0,1.0,369,6,0,0,0,2,3,6,1,19.287,0.109,0.000,0.109,112,0.0628271,0,649007.0,0.0
roberts_cross_16,0.0,1.0,9000,6,0,0,0,2,3,6,1,19.796,2.371,0.000,2.371,761,0.25103,0,649007.0,0.0
roberts_cross_32,0.8,0.2,230,2,2,0,0,3,2,4,1,322.457,0.076,0.000,0.076,113,0.0628271,0,240465.0,0.0
roberts_cross_32,0.8,0.2,369,2,2,0,0,3,2,4,1,319.540,0.079,0.000,0.079,113,0.0628271,0,240465.0,0.0
roberts_cross_32,0.8,0.2,9000,2,2,0,0,3,2,4,1,319.194,1.641,0.000,1.641,762,0.25103,0,240465.0,0.0
roberts_cross_32,0.2,0.8,230,10,0,1,0,28,3,19,2,1488.090,0.121,0.000,0.121,90,0.0628271,0,986076.0,0.0
roberts_cross_32,0.2,0.8,369,6,0,0,0,3,2,5,1,1380.010,0.086,0.000,0.086,113,0.0628271,0,977213.0,0.0
roberts_cross_32,0.2,0.8,9000,6,0,0,0,2,3,6,1,80.039,2.492,0.000,2.492,761,0.25103,0,2705007.0,0.0
roberts_cross_32,1.0,0.0,230,0,0,0,0,0,0,N/A,N/A,N/A,N/A,N/A,N/A,N/A,N/A,N/A,504213.0,0.0
roberts_cross_32,1.0,0.0,369,0,0,0,0,0,0,N/A,N/A,N/A,N/A,N/A,N/A,N/A,N/A,N/A,240715.0,0.0
roberts_cross_32,1.0,0.0,9000,0,0,0,0,0,0,N/A,N/A,N/A,N/A,N/A,N/A,N/A,N/A,N/A,240715.0,0.0
roberts_cross_32,0.0,1.0,230,6,0,0,0,2,3,6,1,78.681,0.114,0.000,0.114,112,0.0628271,0,2705007.0,0.0
roberts_cross_32,0.0,1.0,369,6,0,0,0,2,3,6,1,79.368,0.136,0.000,0.136,112,0.0628271,0,2705007.0,0.0
roberts_cross_32,0.0,1.0,9000,6,0,0,0,2,3,6,1,79.250,2.358,0.000,2.358,761,0.25103,0,2705007.0,0.0
dot_product_4,0.8,0.2,230,2,0,0,1,0,2,4,1,6.922,0.075,0.013,0.087,113,2.573,1,259.0,1.0
dot_product_4,0.8,0.2,369,2,0,0,1,0,2,4,1,7.096,0.074,0.013,0.087,113,2.573,1,259.0,1.0
dot_product_4,0.8,0.2,9000,2,0,0,1,0,2,4,1,6.696,1.735,0.677,2.411,762,120.721,1,259.0,1.0
dot_product_4,0.2,0.8,230,2,0,0,1,0,2,4,1,6.947,0.092,0.013,0.106,113,2.573,1,259.0,1.0
dot_product_4,0.2,0.8,369,3,0,0,0,0,4,3,1,6.995,0.135,0.000,0.135,113,0.0628271,0,1756.0,0.0
dot_product_4,0.2,0.8,9000,3,0,0,0,0,4,3,1,7.409,3.124,0.000,3.124,762,0.25103,0,1756.0,0.0
dot_product_4,1.0,0.0,230,2,0,0,1,0,2,4,1,6.889,0.075,0.013,0.088,113,2.573,1,259.0,1.0
dot_product_4,1.0,0.0,369,2,0,0,1,0,2,4,1,7.009,0.078,0.013,0.091,113,2.573,1,259.0,1.0
dot_product_4,1.0,0.0,9000,2,0,0,1,0,2,4,1,6.904,1.747,0.642,2.389,762,120.721,1,259.0,1.0
dot_product_4,0.0,1.0,230,3,0,0,0,0,4,3,1,6.628,0.198,0.000,0.198,113,0.0628271,0,1756.0,0.0
dot_product_4,0.0,1.0,369,3,0,0,0,0,4,3,1,6.822,0.135,0.000,0.136,113,0.0628271,0,1756.0,0.0
dot_product_4,0.0,1.0,9000,3,0,0,0,0,4,3,1,6.545,3.037,0.000,3.037,762,0.25103,0,1756.0,0.0
dot_product_8,0.8,0.2,230,6,0,0,1,0,4,5,1,12.698,0.146,0.013,0.159,113,2.573,1,462.0,1.0
dot_product_8,0.8,0.2,369,4,0,0,1,0,4,5,1,7.583,0.229,0.013,0.243,113,2.573,1,462.0,1.0
dot_product_8,0.8,0.2,9000,6,0,0,1,0,4,5,1,12.900,3.220,0.628,3.849,761,120.721,1,462.0,1.0
dot_product_8,0.2,0.8,230,7,0,0,0,0,8,4,1,6.773,0.269,0.000,0.269,113,0.0628271,0,3757.0,0.0
dot_product_8,0.2,0.8,369,7,0,0,0,0,8,4,1,6.721,0.271,0.000,0.271,113,0.0628271,0,3757.0,0.0
dot_product_8,0.2,0.8,9000,7,0,0,0,0,8,4,1,6.922,6.222,0.000,6.222,761,0.25103,0,3757.0,0.0
dot_product_8,1.0,0.0,230,4,0,0,1,0,4,5,1,7.365,0.141,0.014,0.154,113,2.573,1,462.0,1.0
dot_product_8,1.0,0.0,369,4,0,0,1,0,4,5,1,7.662,0.219,0.022,0.241,113,2.573,1,462.0,1.0
dot_product_8,1.0,0.0,9000,4,0,0,1,0,4,5,1,7.478,3.300,0.702,4.001,761,120.721,1,462.0,1.0
dot_product_8,0.0,1.0,230,7,0,0,0,0,8,4,1,6.618,0.296,0.000,0.296,113,0.0628271,0,3757.0,0.0
dot_product_8,0.0,1.0,369,7,0,0,0,0,8,4,1,7.569,0.270,0.000,0.270,113,0.0628271,0,3757.0,0.0
dot_product_8,0.0,1.0,9000,7,0,0,0,0,8,4,1,6.958,5.873,0.000,5.874,761,0.25103,0,3757.0,0.0
dot_product_16,0.8,0.2,230,14,0,0,1,0,8,9,1,16.780,0.342,0.013,0.355,112,2.573,1,870.0,1.0
dot_product_16,0.8,0.2,369,8,0,0,1,0,8,6,1,8.883,0.276,0.013,0.289,112,2.573,1,867.0,1.0
dot_product_16,0.8,0.2,9000,11,0,0,1,0,8,7,1,16.769,6.009,0.656,6.665,761,120.721,1,868.0,1.0
dot_product_16,0.2,0.8,230,15,0,0,0,0,16,5,1,6.890,0.536,0.000,0.536,112,0.0628271,0,7758.0,0.0
dot_product_16,0.2,0.8,369,15,0,0,0,0,16,5,1,6.681,0.513,0.000,0.513,112,0.0628271,0,7758.0,0.0
dot_product_16,0.2,0.8,9000,15,0,0,0,0,16,5,1,6.686,12.042,0.000,12.042,761,0.25103,0,7758.0,0.0
dot_product_16,1.0,0.0,230,8,0,0,1,0,8,6,1,9.285,0.330,0.022,0.352,112,2.573,1,867.0,1.0
dot_product_16,1.0,0.0,369,8,0,0,1,0,8,6,1,8.937,0.278,0.013,0.291,112,2.573,1,867.0,1.0
dot_product_16,1.0,0.0,9000,8,0,0,1,0,8,6,1,8.661,6.703,0.619,7.322,761,120.721,1,867.0,1.0
dot_product_16,0.0,1.0,230,15,0,0,0,0,16,5,1,6.959,0.546,0.000,0.546,112,0.0628271,0,7758.0,0.0
dot_product_16,0.0,1.0,369,15,0,0,0,0,16,5,1,7.126,0.565,0.000,0.565,112,0.0628271,0,7758.0,0.0
dot_product_16,0.0,1.0,9000,15,0,0,0,0,16,5,1,6.783,12.020,0.000,12.020,761,0.25103,0,7758.0,0.0
dot_product_32,0.8,0.2,230,22,0,0,1,0,16,8,1,25.638,0.579,0.012,0.592,112,2.573,1,1677.0,1.0
dot_product_32,0.8,0.2,369,16,0,0,1,0,16,7,1,14.430,0.740,0.014,0.754,111,2.573,1,1676.0,1.0
dot_product_32,0.8,0.2,9000,20,0,0,1,0,16,8,1,24.855,12.752,0.612,13.364,761,120.721,1,1677.0,1.0
dot_product_32,0.2,0.8,230,31,0,0,0,0,32,6,1,14.644,1.152,0.000,1.152,112,0.0628271,0,25267.0,0.0
dot_product_32,0.2,0.8,369,31,0,0,0,0,32,6,1,15.243,1.206,0.000,1.206,112,0.0628271,0,27263.0,0.0
dot_product_32,0.2,0.8,9000,31,0,0,0,0,32,6,1,22.321,23.945,0.000,23.945,760,0.25103,0,34013.0,0.0
dot_product_32,1.0,0.0,230,16,0,0,1,0,16,7,1,16.005,0.590,0.013,0.603,112,2.573,1,1676.0,1.0
dot_product_32,1.0,0.0,369,16,0,0,1,0,16,7,1,14.036,0.704,0.013,0.717,112,2.573,1,2076.0,1.0
dot_product_32,1.0,0.0,9000,16,0,0,1,0,16,7,1,14.097,12.156,0.618,12.774,760,120.721,1,1676.0,1.0
dot_product_32,0.0,1.0,230,31,0,0,0,0,32,6,1,7.141,1.231,0.000,1.231,112,0.0628271,0,15759.0,0.0
dot_product_32,0.0,1.0,369,31,0,0,0,0,32,6,1,7.280,1.144,0.000,1.144,112,0.0628271,0,15759.0,0.0
dot_product_32,0.0,1.0,9000,31,0,0,0,0,32,6,1,7.655,31.064,0.000,31.065,760,0.25103,0,15759.0,0.0
tree_5_1_50-50,0.8,0.2,230,6,0,0,1,0,2,6,2,9.833,0.109,0.018,0.127,83,2.573,1,1160.0,1.0
tree_5_1_50-50,0.8,0.2,369,5,0,0,2,0,2,7,2,9.627,0.106,0.030,0.136,82,5.08319,2,712.0,2.0
tree_5_1_50-50,0.8,0.2,9000,6,0,0,1,0,2,6,2,8.170,2.056,0.646,2.702,729,120.721,1,1160.0,1.0
tree_5_1_50-50,0.2,0.8,230,6,0,0,1,0,2,6,2,6.600,0.116,0.022,0.137,82,2.573,1,1160.0,1.0
tree_5_1_50-50,0.2,0.8,369,5,0,0,2,0,2,7,2,7.032,0.091,0.026,0.116,82,5.08319,2,712.0,2.0
tree_5_1_50-50,0.2,0.8,9000,6,0,0,1,0,2,6,2,6.682,2.144,0.761,2.905,729,120.721,1,1160.0,1.0
tree_5_1_50-50,1.0,0.0,230,6,0,0,1,0,2,6,2,6.612,0.096,0.013,0.109,82,2.573,1,1160.0,1.0
tree_5_1_50-50,1.0,0.0,369,5,0,0,2,0,2,7,2,6.961,0.091,0.027,0.117,82,5.08319,2,712.0,2.0
tree_5_1_50-50,1.0,0.0,9000,6,0,0,1,0,2,6,2,6.880,2.156,0.779,2.936,729,120.721,1,1160.0,1.0
tree_5_1_50-50,0.0,1.0,230,6,0,0,1,0,2,6,2,6.931,0.103,0.013,0.116,82,2.573,1,1160.0,1.0
tree_5_1_50-50,0.0,1.0,369,5,0,0,2,0,2,7,2,6.949,0.094,0.027,0.120,82,5.08319,2,712.0,2.0
tree_5_1_50-50,0.0,1.0,9000,6,0,0,1,0,2,6,2,6.576,2.333,0.621,2.955,729,120.721,1,1160.0,1.0
tree_5_2_50-50,0.8,0.2,230,3,0,0,2,0,2,7,2,6.967,0.095,0.043,0.138,82,5.08319,2,462.0,2.0
tree_5_2_50-50,0.8,0.2,369,3,0,0,2,0,2,7,2,7.134,0.079,0.026,0.105,82,5.08319,2,462.0,2.0
tree_5_2_50-50,0.8,0.2,9000,3,0,0,2,0,2,7,2,6.941,1.899,1.390,3.288,729,241.192,2,462.0,2.0
tree_5_2_50-50,0.2,0.8,230,3,0,0,2,0,2,7,2,6.941,0.092,0.034,0.126,82,5.08319,2,462.0,2.0
tree_5_2_50-50,0.2,0.8,369,3,0,0,2,0,2,7,2,6.933,0.079,0.026,0.105,82,5.08319,2,462.0,2.0
tree_5_2_50-50,0.2,0.8,9000,3,0,0,2,0,2,7,2,6.906,2.059,1.284,3.343,729,241.192,2,462.0,2.0
tree_5_2_50-50,1.0,0.0,230,3,0,0,2,0,2,7,2,6.869,0.084,0.028,0.112,82,5.08319,2,462.0,2.0
tree_5_2_50-50,1.0,0.0,369,3,0,0,2,0,2,7,2,6.925,0.078,0.026,0.104,82,5.08319,2,462.0,2.0
tree_5_2_50-50,1.0,0.0,9000,3,0,0,2,0,2,7,2,7.202,2.009,1.280,3.289,729,241.192,2,462.0,2.0
tree_5_2_50-50,0.0,1.0,230,3,0,0,2,0,2,7,2,6.842,0.079,0.026,0.105,82,5.08319,2,462.0,2.0
tree_5_2_50-50,0.0,1.0,369,3,0,0,2,0,2,7,2,6.969,0.092,0.034,0.126,82,5.08319,2,462.0,2.0
tree_5_2_50-50,0.0,1.0,9000,3,0,0,2,0,2,7,2,6.899,2.004,1.331,3.335,729,241.192,2,462.0,2.0
tree_10_1_50-50,0.8,0.2,230,19,0,0,3,0,16,13,5,30.427,0.672,0.013,0.685,0,2.573,1,8271.0,1.0
tree_10_1_50-50,0.8,0.2,369,19,0,0,3,0,16,13,5,27.848,0.566,0.022,0.588,0,2.573,1,8021.0,1.0
tree_10_1_50-50,0.8,0.2,9000,19,0,0,3,0,16,13,5,33.386,12.641,0.738,13.379,628,120.721,1,8521.0,1.0
tree_10_1_50-50,0.2,0.8,230,19,0,0,3,0,16,13,5,30.617,0.557,0.013,0.570,0,2.573,1,8271.0,1.0
tree_10_1_50-50,0.2,0.8,369,19,0,0,3,0,16,13,5,27.815,0.569,0.013,0.581,0,2.573,1,8021.0,1.0
tree_10_1_50-50,0.2,0.8,9000,19,0,0,3,0,16,13,5,33.766,12.841,0.659,13.500,628,120.721,1,8521.0,1.0
tree_10_1_50-50,1.0,0.0,230,19,0,0,3,0,16,13,5,30.809,0.553,0.013,0.566,0,2.573,1,8271.0,1.0
tree_10_1_50-50,1.0,0.0,369,19,0,0,3,0,16,13,5,27.782,0.590,0.013,0.603,0,2.573,1,8021.0,1.0
tree_10_1_50-50,1.0,0.0,9000,19,0,0,3,0,16,13,5,33.943,12.615,0.795,13.410,628,120.721,1,8521.0,1.0
tree_10_1_50-50,0.0,1.0,230,19,0,0,3,0,16,13,5,31.814,0.628,0.022,0.650,0,2.573,1,8271.0,1.0
tree_10_1_50-50,0.0,1.0,369,19,0,0,3,0,16,13,5,28.275,0.556,0.013,0.568,0,2.573,1,8021.0,1.0
tree_10_1_50-50,0.0,1.0,9000,19,0,0,3,0,16,13,5,33.215,12.776,0.639,13.416,628,120.721,1,8521.0,1.0
tree_10_2_50-50,0.8,0.2,230,18,0,0,2,0,15,15,5,32.123,0.524,0.026,0.549,0,5.08319,2,7072.0,2.0
tree_10_2_50-50,0.8,0.2,369,0,0,0,0,0,0,N/A,N/A,N/A,N/A,N/A,N/A,N/A,N/A,N/A,7075.0,2.0
tree_10_2_50-50,0.8,0.2,9000,18,0,0,2,0,15,15,5,37.718,12.273,1.417,13.690,628,241.192,2,7072.0,2.0
tree_10_2_50-50,0.2,0.8,230,18,0,0,2,0,15,15,5,32.409,0.594,0.027,0.621,0,5.08319,2,7072.0,2.0
tree_10_2_50-50,0.2,0.8,369,0,0,0,0,0,0,N/A,N/A,N/A,N/A,N/A,N/A,N/A,N/A,N/A,7075.0,2.0
tree_10_2_50-50,0.2,0.8,9000,18,0,0,2,0,15,15,5,37.771,12.378,1.277,13.655,628,241.192,2,7072.0,2.0
tree_10_2_50-50,1.0,0.0,230,18,0,0,2,0,15,15,5,26.339,0.607,0.026,0.633,0,5.08319,2,7072.0,2.0
tree_10_2_50-50,1.0,0.0,369,0,0,0,0,0,0,N/A,N/A,N/A,N/A,N/A,N/A,N/A,N/A,N/A,7075.0,2.0
tree_10_2_50-50,1.0,0.0,9000,18,0,0,2,0,15,15,5,37.084,12.186,1.329,13.515,628,241.192,2,7072.0,2.0
tree_10_2_50-50,0.0,1.0,230,18,0,0,2,0,15,15,5,25.730,0.539,0.026,0.565,0,5.08319,2,7072.0,2.0
tree_10_2_50-50,0.0,1.0,369,0,0,0,0,0,0,N/A,N/A,N/A,N/A,N/A,N/A,N/A,N/A,N/A,7075.0,2.0
tree_10_2_50-50,0.0,1.0,9000,18,0,0,2,0,15,15,5,38.244,11.908,1.362,13.270,629,241.192,2,7072.0,2.0
tree_5_1_100-50,0.8,0.2,230,24,0,0,3,0,9,12,3,33.078,0.381,0.013,0.394,48,2.573,1,5719.0,1.0
tree_5_1_100-50,0.8,0.2,369,24,0,0,2,0,9,11,3,9.323,0.393,0.044,0.438,48,5.08319,2,5668.0,2.0
tree_5_1_100-50,0.8,0.2,9000,25,0,0,4,0,9,12,3,32.443,8.661,1.255,9.916,694,241.192,2,5669.0,2.0
tree_5_1_100-50,0.2,0.8,230,24,0,0,3,0,9,12,3,33.222,0.438,0.013,0.451,49,2.573,1,5719.0,1.0
tree_5_1_100-50,0.2,0.8,369,24,0,0,2,0,9,11,3,10.060,0.385,0.026,0.411,48,5.08319,2,5668.0,2.0
tree_5_1_100-50,0.2,0.8,9000,25,0,0,4,0,9,12,3,32.453,8.749,1.269,10.017,694,241.192,2,5669.0,2.0
tree_5_1_100-50,1.0,0.0,230,24,0,0,3,0,9,12,3,32.372,0.480,0.015,0.495,48,2.573,1,5719.0,1.0
tree_5_1_100-50,1.0,0.0,369,24,0,0,2,0,9,11,3,9.148,0.381,0.026,0.407,48,5.08319,2,5668.0,2.0
tree_5_1_100-50,1.0,0.0,9000,25,0,0,4,0,9,12,3,32.242,8.751,1.327,10.078,694,241.192,2,5669.0,2.0
tree_5_1_100-50,0.0,1.0,230,24,0,0,3,0,9,12,3,32.817,0.386,0.013,0.399,48,2.573,1,5719.0,1.0
tree_5_1_100-50,0.0,1.0,369,24,0,0,2,0,9,11,3,9.394,0.382,0.026,0.408,48,5.08319,2,5668.0,2.0
tree_5_1_100-50,0.0,1.0,9000,25,0,0,4,0,9,12,3,32.116,9.093,1.374,10.466,694,241.192,2,5669.0,2.0
tree_5_2_100-50,0.8,0.2,230,20,0,0,3,0,11,11,3,33.192,0.485,0.016,0.501,49,2.573,1,3971.0,1.0
tree_5_2_100-50,0.8,0.2,369,20,0,0,3,0,11,11,3,12.377,0.427,0.013,0.440,49,2.573,1,3971.0,1.0
tree_5_2_100-50,0.8,0.2,9000,20,0,0,3,0,11,11,3,32.923,10.120,0.814,10.934,694,120.721,1,3971.0,1.0
tree_5_2_100-50,0.2,0.8,230,20,0,0,3,0,11,11,3,32.552,0.433,0.013,0.446,49,2.573,1,3971.0,1.0
tree_5_2_100-50,0.2,0.8,369,20,0,0,3,0,11,11,3,13.547,0.429,0.013,0.442,49,2.573,1,3971.0,1.0
tree_5_2_100-50,0.2,0.8,9000,20,0,0,3,0,11,11,3,32.678,9.828,0.630,10.458,695,120.721,1,3971.0,1.0
tree_5_2_100-50,1.0,0.0,230,20,0,0,3,0,11,11,3,33.696,0.455,0.013,0.468,49,2.573,1,3971.0,1.0
tree_5_2_100-50,1.0,0.0,369,20,0,0,3,0,11,11,3,13.375,0.477,0.013,0.490,49,2.573,1,3971.0,1.0
tree_5_2_100-50,1.0,0.0,9000,20,0,0,3,0,11,11,3,33.618,9.583,0.639,10.222,694,120.721,1,3971.0,1.0
tree_5_2_100-50,0.0,1.0,230,20,0,0,3,0,11,11,3,33.103,0.437,0.015,0.452,49,2.573,1,3971.0,1.0
tree_5_2_100-50,0.0,1.0,369,20,0,0,3,0,11,11,3,13.440,0.616,0.021,0.637,49,2.573,1,3971.0,1.0
tree_5_2_100-50,0.0,1.0,9000,20,0,0,3,0,11,11,3,31.491,9.822,0.676,10.498,694,120.721,1,3971.0,1.0
tree_10_1_100-50,0.8,0.2,230,541,0,0,2,0,495,19,11,713.069,19.156,0.026,19.183,0,5.08319,2,239548.0,2.0
tree_10_1_100-50,0.8,0.2,369,538,0,0,2,0,491,18,10,718.140,18.235,0.026,18.262,0,5.08319,2,239546.0,2.0
