benchmark,w_ops,w_keys,noise_budget,add,sub,multiply_plain,rotate_rows,negate,multiply,Depth,Multiplicative Depth,compile_time (s),circuit_execution_time (s),galois_keys_generation_time (s),total_execution_time (s),Remaining_noise_budget,rotation_keys_size (MB),final_ops_cost,final_keys_cost
dot_product_4,0.8,0.2,240,2,0,0,1,0,2,2,0,0,1,0,2,4,1,17.003,0.793,0.209,1.001,328,18.1967,260.0,0.0
dot_product_4,1.0,0.0,240,2,0,0,1,0,2,2,0,0,1,0,2,4,1,18.848,0.889,0.164,1.052,327,18.1967,260.0,0.0
dot_product_4,0.8,0.2,300,2,0,0,1,0,2,2,0,0,1,0,2,4,1,18.021,1.097,0.216,1.313,328,18.1967,260.0,0.0
dot_product_4,1.0,0.0,300,2,0,0,1,0,2,2,0,0,1,0,2,4,1,18.946,0.760,0.161,0.920,327,18.1967,260.0,0.0
dot_product_4,0.8,0.2,1000000,2,0,0,1,0,2,2,0,0,1,0,2,4,1,19.264,0.728,0.258,0.985,328,18.1967,260.0,0.0
dot_product_4,1.0,0.0,1000000,2,0,0,1,0,2,2,0,0,1,0,2,4,1,14.954,0.727,0.193,0.920,327,18.1967,260.0,0.0
dot_product_8,0.8,0.2,240,6,0,0,1,0,4,6,0,0,1,0,4,5,1,28.048,2.058,0.321,2.379,327,18.1967,463.0,0.0
dot_product_8,1.0,0.0,240,4,0,0,1,0,4,4,0,0,1,0,4,5,1,19.239,1.846,0.320,2.166,327,18.1967,463.0,0.0
dot_product_8,0.8,0.2,300,4,0,0,1,0,4,4,0,0,1,0,4,5,1,19.547,1.950,0.179,2.129,327,18.1967,463.0,0.0
dot_product_8,1.0,0.0,300,4,0,0,1,0,4,4,0,0,1,0,4,5,1,18.306,1.238,0.200,1.439,327,18.1967,463.0,0.0
dot_product_8,0.8,0.2,1000000,6,0,0,1,0,4,6,0,0,1,0,4,5,1,25.446,1.858,0.206,2.065,327,18.1967,463.0,0.0
