benchmark,w_ops,w_keys,add,sub,multiply_plain,rotate_rows,negate,multiply,Depth,Multiplicative Depth,compile_time (s),circuit_execution_time (s),galois_keys_generation_time (s),total_execution_time (s),Remaining_noise_budget,rotation_key_size (MB),Final_Cost
gx_kernel_4,1.0,0.0,4,0,1,1,2,3,6,1,34.316,0.488,0.112,0.600,328.0,18.1967,0.0
gx_kernel_4,0.9,0.1,4,0,1,1,2,3,6,1,32.102,0.487,0.112,0.599,327.5,18.1967,0.0
gx_kernel_4,0.8,0.2,4,0,1,1,2,3,6,1,31.684,0.487,0.112,0.599,327.5,18.1967,0.0
gx_kernel_4,0.7,0.3,4,0,1,2,2,3,7,1,32.086,0.529,0.112,0.641,327.0,18.1967,0.0
gx_kernel_4,0.6,0.4,4,0,1,2,2,3,7,1,32.060,0.530,0.112,0.643,328.0,18.1967,0.0
gx_kernel_4,0.5,0.5,4,0,1,2,2,3,7,1,32.431,0.530,0.112,0.643,327.5,18.1967,0.0
gx_kernel_4,0.4,0.6,4,0,1,2,2,3,7,1,32.356,0.530,0.112,0.643,327.5,18.1967,0.0
gx_kernel_4,0.3,0.7,4,0,1,2,2,3,7,1,32.309,0.531,0.112,0.643,327.5,18.1967,0.0
gx_kernel_4,0.2,0.8,4,0,1,2,2,3,7,1,32.366,0.530,0.112,0.643,327.0,18.1967,0.0
gx_kernel_4,0.1,0.9,4,0,1,4,2,3,9,1,32.497,0.612,0.112,0.724,328.0,18.1967,0.0
gx_kernel_8,1.0,0.0
gx_kernel_8,0.9,0.1
gx_kernel_8,0.8,0.2
gx_kernel_8,0.7,0.3
gx_kernel_8,0.6,0.4
gx_kernel_8,0.5,0.5
gx_kernel_8,0.4,0.6
gx_kernel_8,0.3,0.7
gx_kernel_8,0.2,0.8
gx_kernel_8,0.1,0.9
gx_kernel_16,1.0,0.0
gx_kernel_16,0.9,0.1
gx_kernel_16,0.8,0.2
gx_kernel_16,0.7,0.3
gx_kernel_16,0.6,0.4
gx_kernel_16,0.5,0.5
gx_kernel_16,0.4,0.6
gx_kernel_16,0.3,0.7
gx_kernel_16,0.2,0.8
gx_kernel_16,0.1,0.9
gx_kernel_32,1.0,0.0
gx_kernel_32,0.9,0.1
gx_kernel_32,0.8,0.2
gx_kernel_32,0.7,0.3
gx_kernel_32,0.6,0.4
gx_kernel_32,0.5,0.5
gx_kernel_32,0.4,0.6
gx_kernel_32,0.3,0.7
gx_kernel_32,0.2,0.8
gx_kernel_32,0.1,0.9
gy_kernel_4,1.0,0.0,3,0,0,1,3,3,6,1,32.484,0.617,0.113,0.730,327.0,18.1967,190.5
gy_kernel_4,0.9,0.1,3,0,0,1,3,3,6,1,32.201,0.619,0.113,0.732,327.0,18.1967,0.0
gy_kernel_4,0.8,0.2,3,0,0,1,3,3,6,1,32.145,0.619,0.112,0.731,327.0,18.1967,0.0
gy_kernel_4,0.7,0.3,3,0,0,2,3,3,7,1,32.341,0.660,0.112,0.772,327.0,18.1967,0.0
gy_kernel_4,0.6,0.4,3,0,0,2,3,3,7,1,32.164,0.663,0.113,0.776,327.0,18.1967,0.0
gy_kernel_4,0.5,0.5,3,0,0,2,3,3,7,1,32.239,0.662,0.113,0.776,327.0,18.1967,0.0
gy_kernel_4,0.4,0.6,3,0,0,2,3,3,7,1,32.290,0.658,0.112,0.770,327.0,18.1967,0.0
gy_kernel_4,0.3,0.7,3,0,0,4,3,3,9,1,32.343,0.740,0.113,0.853,327.0,18.1967,0.0
gy_kernel_4,0.2,0.8,3,0,0,4,3,3,9,1,32.132,0.739,0.113,0.851,327.0,18.1967,0.0
gy_kernel_4,0.1,0.9,3,0,0,4,3,3,9,1,32.171,0.744,0.114,0.857,327.0,18.1967,0.0
gy_kernel_8,1.0,0.0
gy_kernel_8,0.9,0.1
gy_kernel_8,0.8,0.2
gy_kernel_8,0.7,0.3
gy_kernel_8,0.6,0.4
gy_kernel_8,0.5,0.5
gy_kernel_8,0.4,0.6
gy_kernel_8,0.3,0.7
gy_kernel_8,0.2,0.8
gy_kernel_8,0.1,0.9
gy_kernel_16,1.0,0.0
gy_kernel_16,0.9,0.1
gy_kernel_16,0.8,0.2
gy_kernel_16,0.7,0.3
gy_kernel_16,0.6,0.4
gy_kernel_16,0.5,0.5
gy_kernel_16,0.4,0.6
gy_kernel_16,0.3,0.7
gy_kernel_16,0.2,0.8
gy_kernel_16,0.1,0.9
gy_kernel_32,1.0,0.0
gy_kernel_32,0.9,0.1
gy_kernel_32,0.8,0.2
gy_kernel_32,0.7,0.3
gy_kernel_32,0.6,0.4
gy_kernel_32,0.5,0.5
gy_kernel_32,0.4,0.6
gy_kernel_32,0.3,0.7
gy_kernel_32,0.2,0.8
gy_kernel_32,0.1,0.9
roberts_cross_4,1.0,0.0,3,0,0,2,3,2,5,1,32.463,0.469,0.113,0.582,325.0,18.1967,173.0
roberts_cross_4,0.9,0.1,3,0,0,2,3,2,5,1,32.358,0.470,0.113,0.584,325.0,18.1967,0.0
roberts_cross_4,0.8,0.2,3,0,0,2,3,2,5,1,32.245,0.471,0.113,0.584,325.5,18.1967,0.0
roberts_cross_4,0.7,0.3,3,0,0,2,3,2,5,1,32.257,0.471,0.114,0.585,325.0,18.1967,0.0
roberts_cross_4,0.6,0.4,3,0,0,4,3,2,6,1,32.144,0.551,0.113,0.664,324.5,18.1967,0.0
roberts_cross_4,0.5,0.5,3,0,0,8,3,2,8,1,32.324,0.715,0.112,0.827,323.5,18.1967,0.0
roberts_cross_4,0.4,0.6,3,0,0,8,3,2,8,1,32.185,0.715,0.113,0.828,324.0,18.1967,0.0
roberts_cross_4,0.3,0.7,3,0,0,8,3,2,8,1,32.270,0.717,0.113,0.830,324.0,18.1967,0.0
roberts_cross_4,0.2,0.8,3,0,0,8,3,2,8,1,32.262,0.715,0.113,0.828,323.5,18.1967,0.0
roberts_cross_4,0.1,0.9,3,0,0,8,3,2,8,1,32.315,0.714,0.113,0.827,324.0,18.1967,0.0
roberts_cross_8,1.0,0.0
roberts_cross_8,0.9,0.1
roberts_cross_8,0.8,0.2
roberts_cross_8,0.7,0.3
roberts_cross_8,0.6,0.4
roberts_cross_8,0.5,0.5
roberts_cross_8,0.4,0.6
roberts_cross_8,0.3,0.7
roberts_cross_8,0.2,0.8
roberts_cross_8,0.1,0.9
roberts_cross_16,1.0,0.0
roberts_cross_16,0.9,0.1
roberts_cross_16,0.8,0.2
roberts_cross_16,0.7,0.3
roberts_cross_16,0.6,0.4
roberts_cross_16,0.5,0.5
roberts_cross_16,0.4,0.6
roberts_cross_16,0.3,0.7
roberts_cross_16,0.2,0.8
roberts_cross_16,0.1,0.9
roberts_cross_32,1.0,0.0
roberts_cross_32,0.9,0.1
roberts_cross_32,0.8,0.2
roberts_cross_32,0.7,0.3
roberts_cross_32,0.6,0.4
roberts_cross_32,0.5,0.5
roberts_cross_32,0.4,0.6
roberts_cross_32,0.3,0.7
roberts_cross_32,0.2,0.8
roberts_cross_32,0.1,0.9
matrix_mul_4,1.0,0.0,2,0,0,1,0,2,4,1,32.413,0.429,0.113,0.542,327.0,18.1967,0.0
matrix_mul_4,0.9,0.1,2,0,0,1,0,2,4,1,31.909,0.427,0.113,0.541,327.0,18.1967,0.0
matrix_mul_4,0.8,0.2,2,0,0,1,0,2,4,1,32.079,0.429,0.114,0.543,328.0,18.1967,0.0
matrix_mul_4,0.7,0.3,2,0,0,1,0,2,4,1,31.942,0.426,0.113,0.539,327.5,18.1967,0.0
matrix_mul_4,0.6,0.4,2,0,0,2,0,2,5,1,32.333,0.469,0.112,0.581,327.5,18.1967,0.0
matrix_mul_4,0.5,0.5,2,0,0,2,0,2,5,1,32.231,0.468,0.112,0.580,328.0,18.1967,0.0
matrix_mul_4,0.4,0.6,2,0,0,2,0,2,5,1,32.210,0.467,0.112,0.580,327.5,18.1967,0.0
matrix_mul_4,0.3,0.7,2,0,0,2,0,2,5,1,32.139,0.468,0.113,0.581,327.0,18.1967,0.0
matrix_mul_4,0.2,0.8,2,0,0,2,0,2,5,1,32.594,0.470,0.113,0.583,327.5,18.1967,0.0
matrix_mul_4,0.1,0.9,2,0,0,4,0,2,7,1,32.030,0.550,0.113,0.663,327.0,18.1967,0.0
matrix_mul_8,1.0,0.0
matrix_mul_8,0.9,0.1
matrix_mul_8,0.8,0.2
matrix_mul_8,0.7,0.3
matrix_mul_8,0.6,0.4
matrix_mul_8,0.5,0.5
matrix_mul_8,0.4,0.6
matrix_mul_8,0.3,0.7
matrix_mul_8,0.2,0.8
matrix_mul_8,0.1,0.9
matrix_mul_16,1.0,0.0
matrix_mul_16,0.9,0.1
matrix_mul_16,0.8,0.2
matrix_mul_16,0.7,0.3
matrix_mul_16,0.6,0.4
matrix_mul_16,0.5,0.5
matrix_mul_16,0.4,0.6
matrix_mul_16,0.3,0.7
matrix_mul_16,0.2,0.8
matrix_mul_16,0.1,0.9
matrix_mul_32,1.0,0.0
matrix_mul_32,0.9,0.1
matrix_mul_32,0.8,0.2
matrix_mul_32,0.7,0.3
matrix_mul_32,0.6,0.4
matrix_mul_32,0.5,0.5
matrix_mul_32,0.4,0.6
matrix_mul_32,0.3,0.7
matrix_mul_32,0.2,0.8
matrix_mul_32,0.1,0.9
lin_reg_4,1.0,0.0,2,0,0,2,0,1,5,1,33.548,0.279,0.223,0.501,327.0,36.2679,0.0
lin_reg_4,0.9,0.1,2,0,0,2,0,1,5,1,31.845,0.279,0.223,0.502,327.0,36.2679,0.0
lin_reg_4,0.8,0.2,2,0,0,2,0,1,5,1,45.630,0.279,0.223,0.502,327.5,36.2679,0.0
lin_reg_4,0.7,0.3,2,0,0,2,0,1,5,1,31.764,0.279,0.223,0.502,327.5,36.2679,0.0
lin_reg_4,0.6,0.4,2,0,0,2,0,1,5,1,31.571,0.279,0.223,0.502,327.0,36.2679,0.0
lin_reg_4,0.5,0.5,2,0,0,2,0,1,5,1,31.836,0.279,0.223,0.502,327.0,36.2679,0.0
lin_reg_4,0.4,0.6,2,0,0,2,0,1,5,1,31.383,0.279,0.223,0.502,327.5,36.2679,0.0
lin_reg_4,0.3,0.7,2,0,0,2,0,1,5,1,31.823,0.279,0.223,0.502,327.0,36.2679,0.0
lin_reg_4,0.2,0.8,2,0,0,2,0,1,5,1,31.514,0.279,0.223,0.502,327.5,36.2679,0.0
lin_reg_4,0.1,0.9,2,0,0,3,0,1,6,1,32.014,0.320,0.112,0.432,327.5,18.1967,0.0
lin_reg_8,1.0,0.0,2,0,0,2,0,1,5,1,31.834,0.280,0.223,0.503,327.0,36.2679,0.0
lin_reg_8,0.9,0.1,2,0,0,2,0,1,5,1,31.792,0.282,0.224,0.506,327.0,36.2679,0.0
lin_reg_8,0.8,0.2,2,0,0,2,0,1,5,1,32.078,0.280,0.223,0.503,328.0,36.2679,0.0
lin_reg_8,0.7,0.3,2,0,0,2,0,1,5,1,31.954,0.281,0.223,0.505,327.5,36.2679,0.0
lin_reg_8,0.6,0.4,2,0,0,3,0,1,6,1,32.044,0.324,0.114,0.438,327.0,18.1967,0.0
lin_reg_8,0.5,0.5,2,0,0,3,0,1,6,1,32.149,0.321,0.113,0.435,327.5,18.1967,0.0
lin_reg_8,0.4,0.6,2,0,0,3,0,1,6,1,31.586,0.320,0.113,0.433,327.0,18.1967,0.0
lin_reg_8,0.3,0.7,2,0,0,3,0,1,6,1,32.043,0.320,0.112,0.433,328.0,18.1967,0.0
lin_reg_8,0.2,0.8,2,0,0,3,0,1,6,1,31.984,0.319,0.112,0.432,327.0,18.1967,0.0
lin_reg_8,0.1,0.9,2,0,0,5,0,1,8,1,31.901,0.400,0.112,0.512,327.5,18.1967,0.0
lin_reg_16,1.0,0.0,2,0,0,1,0,1,4,1,31.490,0.239,0.112,0.351,328.0,18.1967,0.0
lin_reg_16,0.9,0.1,2,0,0,1,0,1,4,1,31.867,0.239,0.112,0.351,328.0,18.1967,0.0
lin_reg_16,0.8,0.2,2,0,0,1,0,1,4,1,31.592,0.239,0.112,0.351,328.0,18.1967,0.0
lin_reg_16,0.7,0.3,2,0,0,1,0,1,4,1,31.951,0.239,0.112,0.351,328.0,18.1967,0.0
lin_reg_16,0.6,0.4,2,0,0,1,0,1,4,1,32.002,0.239,0.112,0.351,328.0,18.1967,0.0
lin_reg_16,0.5,0.5,2,0,0,1,0,1,4,1,31.897,0.242,0.113,0.354,328.0,18.1967,0.0
lin_reg_16,0.4,0.6,2,0,0,2,0,1,5,1,32.089,0.282,0.113,0.395,328.0,18.1967,0.0
lin_reg_16,0.3,0.7,2,0,0,2,0,1,5,1,32.164,0.282,0.113,0.395,328.0,18.1967,0.0
lin_reg_16,0.2,0.8,2,0,0,2,0,1,5,1,32.292,0.282,0.113,0.395,328.0,18.1967,0.0
lin_reg_16,0.1,0.9,2,0,0,2,0,1,5,1,32.018,0.282,0.113,0.395,328.0,18.1967,0.0
lin_reg_32,1.0,0.0,2,0,1,0,0,1,3,1,32.349,0.054,0.000,0.054,358.5,0.125542,0.0
lin_reg_32,0.9,0.1,2,0,1,0,0,1,3,1,32.233,0.054,0.000,0.054,359.0,0.125542,0.0
lin_reg_32,0.8,0.2,2,0,1,0,0,1,3,1,31.910,0.054,0.000,0.054,358.5,0.125542,0.0
lin_reg_32,0.7,0.3,2,0,1,0,0,1,3,1,32.214,0.054,0.000,0.054,358.5,0.125542,0.0
lin_reg_32,0.6,0.4,2,0,1,0,0,1,3,1,31.996,0.054,0.000,0.054,359.0,0.125542,0.0
lin_reg_32,0.5,0.5,2,0,1,0,0,1,3,1,32.329,0.054,0.000,0.054,359.0,0.125542,0.0
lin_reg_32,0.4,0.6,2,0,1,0,0,1,3,1,32.029,0.053,0.000,0.053,359.0,0.125542,0.0
lin_reg_32,0.3,0.7,2,0,1,0,0,1,3,1,32.210,0.054,0.000,0.054,359.0,0.125542,0.0
lin_reg_32,0.2,0.8,2,0,1,0,0,1,3,1,32.008,0.054,0.000,0.054,359.0,0.125542,0.0
lin_reg_32,0.1,0.9,2,0,1,0,0,1,3,1,32.022,0.053,0.000,0.053,359.0,0.125542,0.0
hamming_dist_4,1.0,0.0,3,1,0,4,0,2,8,2,32.351,0.530,0.336,0.866,295.0,54.3391,0.0
hamming_dist_4,0.9,0.1,3,1,0,4,0,2,8,2,32.410,0.530,0.336,0.866,295.0,54.3391,0.0
hamming_dist_4,0.8,0.2,3,1,0,4,0,2,8,2,32.392,0.530,0.336,0.866,295.0,54.3391,0.0
hamming_dist_4,0.7,0.3,3,1,0,5,0,2,9,2,32.300,0.569,0.224,0.793,295.0,36.2679,0.0
hamming_dist_4,0.6,0.4,3,1,0,10,0,2,11,2,32.580,0.771,0.113,0.884,295.0,18.1967,0.0
hamming_dist_4,0.5,0.5,3,1,0,10,0,2,11,2,32.433,0.772,0.113,0.885,294.5,18.1967,0.0
hamming_dist_4,0.4,0.6,3,1,0,10,0,2,11,2,32.592,0.763,0.112,0.875,295.0,18.1967,0.0
hamming_dist_4,0.3,0.7,3,1,0,10,0,2,11,2,32.545,0.771,0.113,0.884,295.0,18.1967,0.0
hamming_dist_4,0.2,0.8,3,1,0,10,0,2,11,2,32.779,0.771,0.113,0.884,295.0,18.1967,0.0
hamming_dist_4,0.1,0.9,3,1,0,10,0,2,11,2,32.764,0.768,0.112,0.881,295.0,18.1967,0.0
hamming_dist_8,1.0,0.0,4,1,0,5,0,2,10,2,33.007,0.572,0.446,1.018,294.5,72.4103,0.0
hamming_dist_8,0.9,0.1,4,1,0,5,0,2,10,2,32.807,0.572,0.446,1.018,294.0,72.4103,0.0
hamming_dist_8,0.8,0.2,4,1,0,8,0,2,12,2,33.493,0.695,0.224,0.918,294.0,36.2679,0.0
hamming_dist_8,0.7,0.3,4,1,0,8,0,2,12,2,33.535,0.687,0.223,0.910,294.0,36.2679,0.0
hamming_dist_8,0.6,0.4,4,1,0,19,0,2,17,2,34.587,1.142,0.113,1.254,294.0,18.1967,0.0
hamming_dist_8,0.5,0.5,4,1,0,19,0,2,17,2,34.652,1.129,0.112,1.241,294.0,18.1967,0.0
hamming_dist_8,0.4,0.6,4,1,0,19,0,2,17,2,34.557,1.140,0.113,1.253,294.0,18.1967,0.0
hamming_dist_8,0.3,0.7,4,1,0,19,0,2,17,2,34.483,1.141,0.113,1.254,294.0,18.1967,0.0
hamming_dist_8,0.2,0.8,4,1,0,19,0,2,17,2,34.506,1.141,0.113,1.253,294.0,18.1967,0.0
hamming_dist_8,0.1,0.9,4,1,0,19,0,2,17,2,36.158,1.141,0.113,1.254,294.0,18.1967,0.0
hamming_dist_16,1.0,0.0,5,1,0,8,0,2,13,2,38.108,0.698,0.447,1.144,294.0,72.4103,0.0
hamming_dist_16,0.9,0.1,5,1,0,8,0,2,13,2,38.008,0.698,0.447,1.145,293.5,72.4103,0.0
hamming_dist_16,0.8,0.2,5,1,0,12,0,2,15,2,44.766,0.859,0.224,1.082,293.0,36.2679,0.0
hamming_dist_16,0.7,0.3,5,1,0,12,0,2,15,2,44.736,0.859,0.224,1.082,293.0,36.2679,0.0
hamming_dist_16,0.6,0.4,5,1,0,36,0,2,27,2,58.799,1.833,0.112,1.945,293.0,18.1967,0.0
hamming_dist_16,0.5,0.5,5,1,0,36,0,2,27,2,58.578,1.834,0.112,1.946,293.0,18.1967,0.0
hamming_dist_16,0.4,0.6,5,1,0,36,0,2,27,2,58.415,1.833,0.112,1.946,293.0,18.1967,0.0
hamming_dist_16,0.3,0.7,5,1,0,36,0,2,27,2,58.545,1.834,0.112,1.946,293.0,18.1967,0.0
hamming_dist_16,0.2,0.8,5,1,0,36,0,2,27,2,58.380,1.833,0.112,1.946,293.0,18.1967,0.0
hamming_dist_16,0.1,0.9,5,1,0,36,0,2,27,2,58.316,1.833,0.112,1.945,293.0,18.1967,0.0
hamming_dist_32,1.0,0.0,7,1,0,6,0,3,15,2,47.005,0.829,0.447,1.276,293.0,72.4103,0.0
hamming_dist_32,0.9,0.1,7,1,0,6,0,3,15,2,47.067,0.825,0.446,1.271,293.0,72.4103,0.0
hamming_dist_32,0.8,0.2,7,1,0,7,0,3,16,2,55.422,0.869,0.336,1.204,293.0,54.3391,0.0
hamming_dist_32,0.7,0.3,7,1,0,8,0,3,17,2,64.819,0.911,0.223,1.135,292.5,36.2679,0.0
hamming_dist_32,0.6,0.4,7,1,0,8,0,3,17,2,63.274,0.912,0.223,1.135,292.5,36.2679,0.0
hamming_dist_32,0.5,0.5,7,1,0,8,0,3,17,2,64.692,0.910,0.223,1.134,292.5,36.2679,0.0
hamming_dist_32,0.4,0.6,7,1,0,8,0,3,17,2,63.386,0.905,0.222,1.128,292.0,36.2679,0.0
hamming_dist_32,0.3,0.7,7,1,0,8,0,3,17,2,64.173,0.911,0.223,1.134,292.5,36.2679,0.0
hamming_dist_32,0.2,0.8,7,1,0,20,0,3,29,2,84.719,1.390,0.113,1.503,292.0,18.1967,0.0
hamming_dist_32,0.1,0.9,7,1,0,20,0,3,29,2,84.792,1.395,0.113,1.507,292.0,18.1967,0.0
max_3,1.0,0.0,4,1,0,3,1,3,9,2,28.692,0.559,0.276,0.835,293.0,54.3391,0.0
max_3,0.9,0.1,4,1,0,3,1,3,9,2,26.595,0.558,0.276,0.835,293.0,54.3391,0.0
max_3,0.8,0.2,4,1,0,3,1,3,9,2,26.849,0.558,0.276,0.834,292.5,54.3391,0.0
max_3,0.7,0.3,4,1,0,3,1,3,9,2,34.024,0.559,0.276,0.835,293.0,54.3391,0.0
max_3,0.6,0.4,4,1,0,4,1,3,10,2,26.832,0.591,0.184,0.776,293.0,36.2679,0.0
max_3,0.5,0.5,4,1,0,4,1,3,10,2,26.800,0.591,0.184,0.776,293.0,36.2679,0.0
max_3,0.4,0.6,4,1,0,6,1,3,11,2,26.566,0.657,0.093,0.749,292.0,18.1967,0.0
max_3,0.3,0.7,4,1,0,6,1,3,11,2,26.902,0.657,0.093,0.749,292.0,18.1967,0.0
max_3,0.2,0.8,4,1,0,6,1,3,11,2,26.487,0.656,0.093,0.749,291.5,18.1967,0.0
max_3,0.1,0.9,4,1,0,6,1,3,11,2,26.836,0.657,0.093,0.749,292.0,18.1967,0.0
max_4,1.0,0.0,8,1,0,3,3,7,11,3,26.539,1.133,0.276,1.409,262.0,54.3391,0.0
max_4,0.9,0.1,8,1,0,3,3,7,11,3,27.066,1.138,0.278,1.415,262.0,54.3391,0.0
max_4,0.8,0.2,8,1,0,3,3,7,11,3,26.817,1.144,0.279,1.423,262.0,54.3391,0.0
max_4,0.7,0.3,8,1,0,6,3,7,14,3,27.571,1.240,0.093,1.334,262.0,18.1967,0.0
max_4,0.6,0.4,8,1,0,6,3,7,14,3,27.511,1.240,0.093,1.333,261.5,18.1967,0.0
max_4,0.5,0.5,8,1,0,6,3,7,14,3,27.656,1.241,0.093,1.334,262.0,18.1967,0.0
max_4,0.4,0.6,8,1,0,6,3,7,14,3,27.526,1.245,0.094,1.338,262.0,18.1967,0.0
max_4,0.3,0.7,8,1,0,6,3,7,14,3,27.687,1.242,0.093,1.336,262.0,18.1967,0.0
max_4,0.2,0.8,8,1,0,6,3,7,14,3,27.432,1.244,0.093,1.337,262.0,18.1967,0.0
max_4,0.1,0.9,8,1,0,6,3,7,14,3,27.608,1.239,0.093,1.332,262.0,18.1967,0.0
max_5,1.0,0.0,12,2,0,5,4,12,15,4,36.062,1.912,0.369,2.280,228.5,72.4103,0.0
max_5,0.9,0.1,12,2,0,5,4,12,15,4,36.927,1.933,0.371,2.303,229.0,72.4103,0.0
max_5,0.8,0.2,12,2,0,8,4,12,17,4,56.950,2.046,0.186,2.232,228.5,36.2679,0.0
max_5,0.7,0.3,12,2,0,8,4,12,17,4,56.933,2.045,0.188,2.233,229.0,36.2679,0.0
max_5,0.6,0.4,12,2,0,8,4,12,17,4,56.871,2.039,0.185,2.224,229.0,36.2679,0.0
max_5,0.5,0.5,12,2,0,7,4,12,16,4,56.992,2.004,0.185,2.190,228.0,36.2679,0.0
max_5,0.4,0.6,12,2,0,7,4,12,16,4,56.945,2.011,0.186,2.197,229.0,36.2679,0.0
max_5,0.3,0.7,12,2,0,19,4,12,22,4,79.688,2.414,0.094,2.508,228.0,18.1967,0.0
max_5,0.2,0.8,12,2,0,19,4,12,22,4,79.492,2.410,0.093,2.503,229.0,18.1967,0.0
max_5,0.1,0.9,12,2,0,19,4,12,22,4,78.784,2.410,0.094,2.504,228.5,18.1967,0.0
sort_3,1.0,0.0
sort_3,0.9,0.1
sort_3,0.8,0.2
sort_3,0.7,0.3
sort_3,0.6,0.4
sort_3,0.5,0.5
sort_3,0.4,0.6
sort_3,0.3,0.7
sort_3,0.2,0.8
sort_3,0.1,0.9
box_blur_4,1.0,0.0,5,0,0,1,0,0,5,0,27.797,0.139,0.095,0.233,357.0,18.1967,0.0
box_blur_4,0.9,0.1,5,0,0,1,0,0,5,0,26.682,0.137,0.093,0.230,357.0,18.1967,0.0
box_blur_4,0.8,0.2,5,0,0,1,0,0,5,0,27.564,0.138,0.094,0.232,357.0,18.1967,0.0
box_blur_4,0.7,0.3,5,0,0,1,0,0,5,0,26.570,0.137,0.094,0.231,357.0,18.1967,0.0
box_blur_4,0.6,0.4,5,0,0,2,0,0,6,0,27.636,0.171,0.093,0.264,357.0,18.1967,0.0
box_blur_4,0.5,0.5,5,0,0,2,0,0,6,0,26.550,0.171,0.093,0.264,356.5,18.1967,0.0
box_blur_4,0.4,0.6,5,0,0,4,0,0,8,0,27.486,0.241,0.094,0.335,356.0,18.1967,0.0
box_blur_4,0.3,0.7,5,0,0,4,0,0,8,0,26.651,0.241,0.095,0.336,355.5,18.1967,0.0
box_blur_4,0.2,0.8,5,0,0,4,0,0,8,0,27.753,0.240,0.093,0.333,356.0,18.1967,0.0
box_blur_4,0.1,0.9,5,0,0,4,0,0,8,0,26.599,0.239,0.093,0.333,356.0,18.1967,0.0
box_blur_8,1.0,0.0
box_blur_8,0.9,0.1
box_blur_8,0.8,0.2
box_blur_8,0.7,0.3
box_blur_8,0.6,0.4
box_blur_8,0.5,0.5
box_blur_8,0.4,0.6
box_blur_8,0.3,0.7
box_blur_8,0.2,0.8
box_blur_8,0.1,0.9
box_blur_16,1.0,0.0
box_blur_16,0.9,0.1
box_blur_16,0.8,0.2
box_blur_16,0.7,0.3
box_blur_16,0.6,0.4
box_blur_16,0.5,0.5
box_blur_16,0.4,0.6
box_blur_16,0.3,0.7
box_blur_16,0.2,0.8
box_blur_16,0.1,0.9
box_blur_32,1.0,0.0
box_blur_32,0.9,0.1
box_blur_32,0.8,0.2
box_blur_32,0.7,0.3
box_blur_32,0.6,0.4
box_blur_32,0.5,0.5
box_blur_32,0.4,0.6
box_blur_32,0.3,0.7
box_blur_32,0.2,0.8
box_blur_32,0.1,0.9
dot_product_4,1.0,0.0,2,0,0,3,0,1,6,1,34.093,0.296,0.334,0.629,325.0,54.3391,0.0
dot_product_4,0.9,0.1,2,0,0,3,0,1,6,1,31.935,0.296,0.333,0.629,325.0,54.3391,0.0
dot_product_4,0.8,0.2,2,0,0,3,0,1,6,1,31.617,0.296,0.333,0.629,325.0,54.3391,0.0
dot_product_4,0.7,0.3,2,0,0,3,0,1,6,1,31.911,0.296,0.333,0.629,324.5,54.3391,0.0
dot_product_4,0.6,0.4,2,0,0,3,0,1,6,1,31.452,0.296,0.333,0.629,325.0,54.3391,0.0
dot_product_4,0.5,0.5,2,0,0,4,0,1,7,1,31.870,0.335,0.223,0.558,325.0,36.2679,0.0
dot_product_4,0.4,0.6,2,0,0,6,0,1,9,1,31.958,0.417,0.112,0.529,323.5,18.1967,0.0
dot_product_4,0.3,0.7,2,0,0,6,0,1,9,1,31.974,0.417,0.112,0.530,323.5,18.1967,0.0
dot_product_4,0.2,0.8,2,0,0,6,0,1,9,1,32.102,0.418,0.112,0.531,323.0,18.1967,0.0
dot_product_4,0.1,0.9,2,0,0,6,0,1,9,1,32.299,0.418,0.113,0.530,324.0,18.1967,0.0
dot_product_8,1.0,0.0,3,0,0,4,0,1,8,1,31.989,0.339,0.444,0.784,324.0,72.4103,0.0
dot_product_8,0.9,0.1,3,0,0,4,0,1,8,1,32.189,0.339,0.445,0.784,324.0,72.4103,0.0
dot_product_8,0.8,0.2,3,0,0,4,0,1,8,1,31.826,0.339,0.445,0.783,324.0,72.4103,0.0
dot_product_8,0.7,0.3,3,0,0,5,0,1,9,1,32.053,0.379,0.334,0.713,323.5,54.3391,0.0
dot_product_8,0.6,0.4,3,0,0,6,0,1,10,1,32.451,0.419,0.223,0.642,323.5,36.2679,0.0
dot_product_8,0.5,0.5,3,0,0,6,0,1,10,1,32.271,0.418,0.223,0.640,323.5,36.2679,0.0
dot_product_8,0.4,0.6,3,0,0,11,0,1,15,1,32.449,0.622,0.112,0.734,322.0,18.1967,0.0
dot_product_8,0.3,0.7,3,0,0,11,0,1,15,1,32.419,0.619,0.112,0.731,322.0,18.1967,0.0
dot_product_8,0.2,0.8,3,0,0,11,0,1,15,1,32.302,0.619,0.112,0.731,322.0,18.1967,0.0
dot_product_8,0.1,0.9,3,0,0,11,0,1,15,1,32.401,0.619,0.112,0.731,322.0,18.1967,0.0
dot_product_16,1.0,0.0,4,0,0,6,0,1,11,1,33.192,0.420,0.445,0.865,323.0,72.4103,0.0
dot_product_16,0.9,0.1,4,0,0,6,0,1,11,1,32.919,0.420,0.444,0.864,323.0,72.4103,0.0
dot_product_16,0.8,0.2,4,0,0,6,0,1,11,1,32.874,0.420,0.444,0.864,322.5,72.4103,0.0
dot_product_16,0.7,0.3,4,0,0,9,0,1,14,1,33.993,0.540,0.223,0.763,322.5,36.2679,0.0
dot_product_16,0.6,0.4,4,0,0,8,0,1,13,1,33.952,0.500,0.223,0.723,321.5,36.2679,0.0
dot_product_16,0.5,0.5,4,0,0,8,0,1,13,1,33.994,0.500,0.223,0.723,322.0,36.2679,0.0
dot_product_16,0.4,0.6,4,0,0,20,0,1,25,1,36.160,0.982,0.112,1.094,320.5,18.1967,0.0
dot_product_16,0.3,0.7,4,0,0,20,0,1,25,1,36.126,0.982,0.112,1.094,320.5,18.1967,0.0
dot_product_16,0.2,0.8,4,0,0,20,0,1,25,1,36.095,0.983,0.112,1.095,320.0,18.1967,0.0
dot_product_16,0.1,0.9,4,0,0,20,0,1,25,1,36.060,0.981,0.112,1.093,320.0,18.1967,0.0
dot_product_32,1.0,0.0,5,0,0,6,0,1,12,1,34.645,0.444,0.445,0.889,326.0,72.4103,0.0
dot_product_32,0.9,0.1,5,0,0,6,0,1,12,1,34.643,0.443,0.445,0.888,325.5,72.4103,0.0
dot_product_32,0.8,0.2,5,0,0,7,0,1,13,1,36.076,0.483,0.333,0.817,325.5,54.3391,0.0
dot_product_32,0.7,0.3,5,0,0,8,0,1,14,1,37.794,0.524,0.223,0.747,325.0,36.2679,0.0
dot_product_32,0.6,0.4,5,0,0,8,0,1,14,1,37.396,0.524,0.223,0.747,325.5,36.2679,0.0
dot_product_32,0.5,0.5,5,0,0,8,0,1,14,1,37.424,0.524,0.223,0.747,325.5,36.2679,0.0
dot_product_32,0.4,0.6,5,0,0,8,0,1,14,1,37.606,0.524,0.223,0.747,325.0,36.2679,0.0
dot_product_32,0.3,0.7,5,0,0,20,0,1,26,1,42.467,1.003,0.113,1.116,325.0,18.1967,0.0
dot_product_32,0.2,0.8,5,0,0,20,0,1,26,1,42.368,1.003,0.113,1.115,325.0,18.1967,0.0
dot_product_32,0.1,0.9,5,0,0,20,0,1,26,1,42.201,1.003,0.113,1.115,325.0,18.1967,0.0
poly_reg_4,1.0,0.0,3,0,0,3,0,2,8,2,32.229,0.483,0.335,0.818,294.5,54.3391,0.0
poly_reg_4,0.9,0.1,3,0,0,3,0,2,8,2,32.121,0.484,0.335,0.818,295.0,54.3391,0.0
poly_reg_4,0.8,0.2,3,0,0,3,0,2,8,2,32.148,0.483,0.335,0.818,295.0,54.3391,0.0
poly_reg_4,0.7,0.3,3,0,0,4,0,2,9,2,32.479,0.525,0.222,0.747,295.0,36.2679,0.0
poly_reg_4,0.6,0.4,3,0,0,4,0,2,9,2,32.476,0.525,0.222,0.747,295.0,36.2679,0.0
poly_reg_4,0.5,0.5,3,0,0,4,0,2,9,2,32.370,0.525,0.222,0.747,295.0,36.2679,0.0
poly_reg_4,0.4,0.6,3,0,0,4,0,2,9,2,32.592,0.525,0.222,0.747,295.0,36.2679,0.0
poly_reg_4,0.3,0.7,3,0,0,4,0,2,9,2,32.691,0.525,0.222,0.747,295.0,36.2679,0.0
poly_reg_4,0.2,0.8,3,0,0,4,0,2,9,2,32.096,0.525,0.222,0.747,295.0,36.2679,0.0
poly_reg_4,0.1,0.9,3,0,0,6,0,2,11,2,32.788,0.606,0.112,0.718,295.0,18.1967,0.0
poly_reg_8,1.0,0.0,3,0,0,2,0,2,7,2,32.192,0.465,0.223,0.688,295.0,36.2679,0.0
poly_reg_8,0.9,0.1,3,0,0,2,0,2,7,2,31.786,0.466,0.223,0.688,295.0,36.2679,0.0
poly_reg_8,0.8,0.2,3,0,0,2,0,2,7,2,32.073,0.466,0.223,0.689,295.5,36.2679,0.0
poly_reg_8,0.7,0.3,3,0,0,2,0,2,7,2,31.883,0.465,0.223,0.688,295.5,36.2679,0.0
poly_reg_8,0.6,0.4,3,0,0,2,0,2,7,2,32.401,0.466,0.223,0.688,295.5,36.2679,0.0
poly_reg_8,0.5,0.5,3,0,0,3,0,2,8,2,32.227,0.506,0.112,0.619,295.5,18.1967,0.0
poly_reg_8,0.4,0.6,3,0,0,3,0,2,8,2,31.940,0.506,0.112,0.619,295.0,18.1967,0.0
poly_reg_8,0.3,0.7,3,0,0,3,0,2,8,2,32.083,0.506,0.112,0.619,295.0,18.1967,0.0
poly_reg_8,0.2,0.8,3,0,0,3,0,2,8,2,32.367,0.506,0.112,0.619,295.5,18.1967,0.0
poly_reg_8,0.1,0.9,3,0,0,3,0,2,8,2,32.305,0.506,0.112,0.619,295.5,18.1967,0.0
poly_reg_16,1.0,0.0,3,0,0,1,0,2,6,2,32.094,0.425,0.112,0.537,295.0,18.1967,0.0
poly_reg_16,0.9,0.1,3,0,0,1,0,2,6,2,32.129,0.425,0.112,0.537,295.0,18.1967,0.0
poly_reg_16,0.8,0.2,3,0,0,1,0,2,6,2,31.860,0.425,0.112,0.537,295.0,18.1967,0.0
poly_reg_16,0.7,0.3,3,0,0,1,0,2,6,2,32.084,0.425,0.112,0.537,295.0,18.1967,0.0
poly_reg_16,0.6,0.4,3,0,0,1,0,2,6,2,31.897,0.425,0.112,0.537,295.0,18.1967,0.0
poly_reg_16,0.5,0.5,3,0,0,1,0,2,6,2,32.093,0.425,0.112,0.537,295.0,18.1967,0.0
poly_reg_16,0.4,0.6,3,0,0,1,0,2,6,2,31.812,0.425,0.112,0.537,295.5,18.1967,0.0
poly_reg_16,0.3,0.7,3,0,0,1,0,2,6,2,32.084,0.425,0.112,0.537,295.5,18.1967,0.0
poly_reg_16,0.2,0.8,3,0,0,2,0,2,7,2,31.801,0.465,0.112,0.577,295.5,18.1967,0.0
poly_reg_16,0.1,0.9,3,0,0,2,0,2,7,2,32.043,0.465,0.112,0.577,296.0,18.1967,0.0
poly_reg_32,1.0,0.0,3,0,0,0,0,2,5,2,32.048,0.407,0.000,0.407,296.0,0.125542,0.0
poly_reg_32,0.9,0.1,3,0,0,0,0,2,5,2,32.110,0.407,0.000,0.407,296.0,0.125542,0.0
poly_reg_32,0.8,0.2,3,0,0,0,0,2,5,2,31.924,0.407,0.000,0.407,296.0,0.125542,0.0
poly_reg_32,0.7,0.3,3,0,0,0,0,2,5,2,32.162,0.407,0.000,0.407,296.0,0.125542,0.0
poly_reg_32,0.6,0.4,3,0,0,0,0,2,5,2,32.102,0.407,0.000,0.407,296.0,0.125542,0.0
poly_reg_32,0.5,0.5,3,0,0,0,0,2,5,2,32.093,0.407,0.000,0.407,296.0,0.125542,0.0
poly_reg_32,0.4,0.6,3,0,0,0,0,2,5,2,32.078,0.407,0.000,0.407,296.0,0.125542,0.0
poly_reg_32,0.3,0.7,3,0,0,0,0,2,5,2,32.110,0.407,0.000,0.407,296.0,0.125542,0.0
poly_reg_32,0.2,0.8,3,0,0,0,0,2,5,2,32.272,0.407,0.000,0.407,296.0,0.125542,0.0
poly_reg_32,0.1,0.9,3,0,0,0,0,2,5,2,31.975,0.407,0.000,0.407,296.0,0.125542,0.0
l2_distance_4,1.0,0.0,2,1,0,4,0,1,8,1,31.814,0.338,0.446,0.783,324.0,72.4103,0.0
l2_distance_4,0.9,0.1,2,1,0,4,0,1,8,1,31.991,0.338,0.446,0.783,323.5,72.4103,0.0
l2_distance_4,0.8,0.2,2,1,0,4,0,1,8,1,31.998,0.338,0.446,0.783,324.0,72.4103,0.0
l2_distance_4,0.7,0.3,2,1,0,6,0,1,10,1,32.092,0.418,0.223,0.641,323.5,36.2679,0.0
l2_distance_4,0.6,0.4,2,1,0,11,0,1,15,1,32.336,0.617,0.113,0.729,322.0,18.1967,0.0
l2_distance_4,0.5,0.5,2,1,0,11,0,1,15,1,32.562,0.617,0.112,0.729,322.0,18.1967,0.0
l2_distance_4,0.4,0.6,2,1,0,11,0,1,15,1,32.621,0.617,0.112,0.729,322.0,18.1967,0.0
l2_distance_4,0.3,0.7,2,1,0,11,0,1,15,1,32.909,0.617,0.112,0.729,322.5,18.1967,0.0
l2_distance_4,0.2,0.8,2,1,0,11,0,1,15,1,32.773,0.617,0.112,0.729,321.5,18.1967,0.0
l2_distance_4,0.1,0.9,2,1,0,11,0,1,15,1,32.593,0.617,0.112,0.729,322.0,18.1967,0.0
l2_distance_8,1.0,0.0,3,1,0,4,0,1,9,1,32.470,0.362,0.443,0.806,323.5,72.4103,0.0
l2_distance_8,0.9,0.1,3,1,0,4,0,1,9,1,32.401,0.365,0.443,0.808,324.0,72.4103,0.0
l2_distance_8,0.8,0.2,3,1,0,5,0,1,10,1,32.494,0.403,0.334,0.737,324.0,54.3391,0.0
l2_distance_8,0.7,0.3,3,1,0,6,0,1,11,1,32.720,0.442,0.223,0.665,323.0,36.2679,0.0
l2_distance_8,0.6,0.4,3,1,0,11,0,1,16,1,33.000,0.643,0.112,0.755,322.0,18.1967,0.0
l2_distance_8,0.5,0.5,3,1,0,11,0,1,16,1,33.098,0.643,0.112,0.755,322.0,18.1967,0.0
l2_distance_8,0.4,0.6,3,1,0,11,0,1,16,1,33.170,0.643,0.112,0.755,322.0,18.1967,0.0
l2_distance_8,0.3,0.7,3,1,0,11,0,1,16,1,33.141,0.643,0.112,0.755,322.0,18.1967,0.0
l2_distance_8,0.2,0.8,3,1,0,11,0,1,16,1,33.123,0.643,0.112,0.755,322.0,18.1967,0.0
l2_distance_8,0.1,0.9,3,1,0,11,0,1,16,1,33.091,0.643,0.112,0.756,321.5,18.1967,0.0
box_blur_3,1.0,0.0,6,0,0,1,0,0,6,0,33.699,0.188,0.113,0.300,357.0,18.1967,0.0
box_blur_3,0.9,0.1,6,0,0,1,0,0,6,0,31.900,0.188,0.113,0.300,357.0,18.1967,0.0
box_blur_3,0.8,0.2,6,0,0,1,0,0,6,0,31.583,0.190,0.113,0.303,357.0,18.1967,0.0
box_blur_3,0.7,0.3,6,0,0,1,0,0,6,0,32.186,0.189,0.113,0.302,357.0,18.1967,0.0
box_blur_3,0.6,0.4,6,0,0,1,0,0,6,0,31.873,0.188,0.113,0.301,357.0,18.1967,0.0
box_blur_3,0.5,0.5,6,0,0,1,0,0,6,0,32.250,0.190,0.114,0.304,357.0,18.1967,0.0
box_blur_3,0.4,0.6,6,0,0,1,0,0,6,0,32.173,0.188,0.113,0.301,357.0,18.1967,0.0
box_blur_3,0.3,0.7,6,0,0,1,0,0,6,0,32.117,0.189,0.113,0.302,357.0,18.1967,0.0
box_blur_3,0.2,0.8,6,0,0,1,0,0,6,0,31.866,0.189,0.113,0.302,357.0,18.1967,0.0
box_blur_3,0.1,0.9,6,0,0,1,0,0,6,0,32.149,0.188,0.113,0.301,357.0,18.1967,0.0
box_blur_4,1.0,0.0,5,0,0,1,0,0,5,0,31.528,0.164,0.113,0.277,357.0,18.1967,0.0
box_blur_4,0.9,0.1,5,0,0,1,0,0,5,0,32.124,0.164,0.113,0.277,357.0,18.1967,0.0
box_blur_4,0.8,0.2,5,0,0,1,0,0,5,0,31.913,0.166,0.115,0.281,357.0,18.1967,0.0
box_blur_4,0.7,0.3,5,0,0,1,0,0,5,0,32.235,0.165,0.114,0.278,357.0,18.1967,0.0
box_blur_4,0.6,0.4,5,0,0,2,0,0,6,0,31.920,0.203,0.112,0.315,356.0,18.1967,0.0
box_blur_4,0.5,0.5,5,0,0,2,0,0,6,0,32.048,0.203,0.112,0.315,357.0,18.1967,0.0
box_blur_4,0.4,0.6,5,0,0,4,0,0,8,0,31.715,0.284,0.112,0.396,356.0,18.1967,0.0
box_blur_4,0.3,0.7,5,0,0,4,0,0,8,0,32.200,0.284,0.112,0.396,356.0,18.1967,0.0
box_blur_4,0.2,0.8,5,0,0,4,0,0,8,0,32.200,0.288,0.113,0.401,356.0,18.1967,0.0
box_blur_4,0.1,0.9,5,0,0,4,0,0,8,0,32.424,0.288,0.113,0.401,356.0,18.1967,0.0
box_blur_5,1.0,0.0,8,0,0,0,0,0,4,0,32.339,0.221,0.000,0.221,359.0,0.125542,0.0
box_blur_5,0.9,0.1,8,0,0,0,0,0,4,0,32.564,0.221,0.000,0.221,359.5,0.125542,0.0
box_blur_5,0.8,0.2,8,0,0,0,0,0,4,0,32.103,0.222,0.000,0.222,359.0,0.125542,0.0
box_blur_5,0.7,0.3,8,0,0,0,0,0,4,0,32.522,0.222,0.000,0.222,359.0,0.125542,0.0
box_blur_5,0.6,0.4,8,0,0,0,0,0,4,0,32.312,0.222,0.000,0.222,359.0,0.125542,0.0
box_blur_5,0.5,0.5,8,0,0,0,0,0,4,0,32.279,0.222,0.000,0.222,359.0,0.125542,0.0
box_blur_5,0.4,0.6,8,0,0,0,0,0,4,0,32.159,0.221,0.000,0.221,359.0,0.125542,0.0
box_blur_5,0.3,0.7,8,0,0,0,0,0,4,0,32.483,0.219,0.000,0.219,359.0,0.125542,0.0
box_blur_5,0.2,0.8,8,0,0,0,0,0,4,0,31.989,0.222,0.000,0.222,359.0,0.125542,0.0
box_blur_5,0.1,0.9,8,0,0,0,0,0,4,0,32.603,0.222,0.000,0.222,359.0,0.125542,0.0
box_blur_8,1.0,0.0
box_blur_8,0.9,0.1
box_blur_8,0.8,0.2
box_blur_8,0.7,0.3
box_blur_8,0.6,0.4
box_blur_8,0.5,0.5
box_blur_8,0.4,0.6
box_blur_8,0.3,0.7
box_blur_8,0.2,0.8
box_blur_8,0.1,0.9
box_blur_16,1.0,0.0
box_blur_16,0.9,0.1
box_blur_16,0.8,0.2
box_blur_16,0.7,0.3
box_blur_16,0.6,0.4
box_blur_16,0.5,0.5
box_blur_16,0.4,0.6
box_blur_16,0.3,0.7
box_blur_16,0.2,0.8
box_blur_16,0.1,0.9
box_blur_32,1.0,0.0
box_blur_32,0.9,0.1
box_blur_32,0.8,0.2
box_blur_32,0.7,0.3
box_blur_32,0.6,0.4
box_blur_32,0.5,0.5
box_blur_32,0.4,0.6
box_blur_32,0.3,0.7
box_blur_32,0.2,0.8
box_blur_32,0.1,0.9
tree_50-50_5_1,1.0,0.0,5,0,0,2,0,2,7,2,32.282,0.521,0.223,0.745,296.0,36.2679,717.0
tree_50-50_5_1,0.9,0.1,5,0,0,2,0,2,7,2,32.457,0.521,0.223,0.745,296.0,36.2679,717.0
tree_50-50_5_1,0.8,0.2,5,0,0,2,0,2,7,2,32.103,0.522,0.224,0.745,295.5,36.2679,717.0
tree_50-50_5_1,0.7,0.3,5,0,0,3,0,2,8,2,32.321,0.561,0.113,0.674,296.0,18.1967,717.0
tree_50-50_5_1,0.6,0.4,5,0,0,3,0,2,8,2,32.071,0.561,0.113,0.674,296.0,18.1967,717.0
tree_50-50_5_1,0.5,0.5,5,0,0,3,0,2,8,2,32.208,0.561,0.113,0.674,295.5,18.1967,717.0
tree_50-50_5_1,0.4,0.6,5,0,0,3,0,2,8,2,32.364,0.561,0.113,0.674,296.0,18.1967,717.0
tree_50-50_5_1,0.3,0.7,5,0,0,3,0,2,8,2,32.321,0.561,0.113,0.674,296.0,18.1967,717.0
tree_50-50_5_1,0.2,0.8,5,0,0,3,0,2,8,2,32.236,0.561,0.113,0.674,296.0,18.1967,717.0
tree_50-50_5_1,0.1,0.9,5,0,0,3,0,2,8,2,32.479,0.561,0.113,0.674,296.0,18.1967,717.0
tree_50-50_10_1,1.0,0.0,19,0,0,2,0,16,12,5,32.722,3.131,0.225,3.357,197.5,36.2679,7475.0
tree_50-50_10_1,0.9,0.1,19,0,0,3,0,16,13,5,33.001,3.168,0.114,3.282,197.5,18.1967,7475.0
tree_50-50_10_1,0.8,0.2,19,0,0,3,0,16,13,5,32.347,3.170,0.114,3.284,198.0,18.1967,7475.0
tree_50-50_10_1,0.7,0.3,19,0,0,3,0,16,13,5,32.486,3.170,0.114,3.283,197.5,18.1967,7475.0
tree_50-50_10_1,0.6,0.4,19,0,0,3,0,16,13,5,32.441,3.130,0.113,3.243,197.5,18.1967,7475.0
tree_50-50_10_1,0.5,0.5,19,0,0,3,0,16,13,5,32.687,3.171,0.114,3.284,198.0,18.1967,7475.0
tree_50-50_10_1,0.4,0.6,19,0,0,3,0,16,13,5,33.079,3.169,0.114,3.283,197.5,18.1967,7475.0
tree_50-50_10_1,0.3,0.7,19,0,0,3,0,16,13,5,31.970,3.169,0.114,3.283,198.0,18.1967,7475.0
tree_50-50_10_1,0.2,0.8,19,0,0,3,0,16,13,5,32.298,3.169,0.114,3.283,198.0,18.1967,7475.0
tree_50-50_10_1,0.1,0.9,19,0,0,3,0,16,13,5,32.428,3.169,0.114,3.283,197.5,18.1967,7475.0
tree_100-50_5_1,1.0,0.0,24,0,0,3,0,9,15,5,33.757,2.072,0.337,2.409,199.5,54.3391,2947.0
tree_100-50_5_1,0.9,0.1,24,0,0,3,0,9,15,5,32.594,2.072,0.337,2.409,199.5,54.3391,2947.0
tree_100-50_5_1,0.8,0.2,23,0,0,4,0,9,15,5,32.143,2.085,0.222,2.308,199.5,36.2679,2947.0
tree_100-50_5_1,0.7,0.3,23,0,0,7,0,9,18,5,33.201,2.232,0.114,2.346,200.0,18.1967,2947.0
tree_100-50_5_1,0.6,0.4,23,0,0,7,0,9,18,5,33.133,2.231,0.114,2.345,199.5,18.1967,2947.0
tree_100-50_5_1,0.5,0.5,23,0,0,7,0,9,18,5,33.249,2.230,0.114,2.344,200.0,18.1967,2947.0
tree_100-50_5_1,0.4,0.6,23,0,0,7,0,9,18,5,32.957,2.230,0.114,2.344,199.5,18.1967,2947.0
tree_100-50_5_1,0.3,0.7,23,0,0,7,0,9,18,5,33.074,2.221,0.113,2.334,199.5,18.1967,2947.0
tree_100-50_5_1,0.2,0.8,23,0,0,7,0,9,18,5,32.840,2.231,0.114,2.345,199.5,18.1967,2947.0
tree_100-50_5_1,0.1,0.9,23,0,0,7,0,9,18,5,33.137,2.230,0.114,2.343,200.0,18.1967,2947.0
l2_distance_16,1.0,0.0,4,1,0,6,0,1,12,1,35.095,0.444,0.445,0.888,323.0,72.4103,0.0
l2_distance_16,0.9,0.1,4,1,0,6,0,1,12,1,34.991,0.444,0.445,0.889,323.0,72.4103,0.0
l2_distance_16,0.8,0.2,4,1,0,8,0,1,14,1,38.116,0.523,0.223,0.746,321.0,36.2679,0.0
l2_distance_16,0.7,0.3,4,1,0,8,0,1,14,1,37.633,0.524,0.223,0.747,322.0,36.2679,0.0
l2_distance_16,0.6,0.4,4,1,0,8,0,1,14,1,37.686,0.524,0.223,0.747,321.5,36.2679,0.0
l2_distance_16,0.5,0.5,4,1,0,20,0,1,26,1,42.505,1.003,0.112,1.116,319.5,18.1967,0.0
l2_distance_16,0.4,0.6,4,1,0,20,0,1,26,1,42.673,1.004,0.112,1.116,320.0,18.1967,0.0
l2_distance_16,0.3,0.7,4,1,0,20,0,1,26,1,42.468,1.004,0.112,1.116,320.5,18.1967,0.0
l2_distance_16,0.2,0.8,4,1,0,20,0,1,26,1,42.572,1.004,0.112,1.116,320.5,18.1967,0.0
l2_distance_16,0.1,0.9,4,1,0,20,0,1,26,1,42.586,1.004,0.112,1.116,320.0,18.1967,0.0
l2_distance_32,1.0,0.0,5,1,0,6,0,1,13,1,41.364,0.445,0.444,0.889,324.0,72.4103,0.0
l2_distance_32,0.9,0.1,5,1,0,6,0,1,13,1,41.393,0.445,0.444,0.889,324.5,72.4103,0.0
l2_distance_32,0.8,0.2,5,1,0,7,0,1,14,1,45.934,0.482,0.334,0.817,324.5,54.3391,0.0
l2_distance_32,0.7,0.3,5,1,0,8,0,1,15,1,50.852,0.524,0.223,0.747,324.0,36.2679,0.0
l2_distance_32,0.6,0.4,5,1,0,8,0,1,15,1,50.993,0.524,0.223,0.747,324.5,36.2679,0.0
l2_distance_32,0.5,0.5,5,1,0,8,0,1,15,1,52.553,0.524,0.223,0.747,323.5,36.2679,0.0
l2_distance_32,0.4,0.6,5,1,0,20,0,1,27,1,65.925,1.004,0.112,1.116,324.0,18.1967,0.0
l2_distance_32,0.3,0.7,5,1,0,20,0,1,27,1,68.579,1.004,0.112,1.116,324.0,18.1967,0.0
l2_distance_32,0.2,0.8,5,1,0,20,0,1,27,1,64.965,1.003,0.112,1.115,324.0,18.1967,0.0
l2_distance_32,0.1,0.9,5,1,0,20,0,1,27,1,68.155,1.003,0.112,1.115,324.0,18.1967,0.0