split,benchmark,width,vectorization,median_rss_mib,old_lo,new_lo,delta_lo,old_hi,new_hi,delta_hi,old_in_interval,new_in_interval,status
development,box_blur,4,scalar,91.984375,60.81251525878906,60.81251525878906,0.0,94.5797155602975,94.57971477508545,-7.852120518236916e-07,True,True,ok
development,box_blur,4,vectorized,55.125,44.81251525878906,42.81251525878906,-2.0,69.27332340487892,65.29752349853516,-3.9757999063437666,True,True,ok
development,box_blur,8,scalar,235.56640625,156.81251525878906,156.81251525878906,0.0,261.41806849280897,261.4180679321289,-5.606800641544396e-07,True,True,ok
development,box_blur,8,vectorized,63.0546875,41.93751525878906,41.93751525878906,0.0,62.495612314452146,62.495612144470215,-1.6998193075323798e-07,False,False,ok
development,box_blur,16,scalar,777.734375,540.8125152587891,540.8125152587891,0.0,928.771480222855,928.7714796066284,-6.162265435705194e-07,True,True,ok
development,box_blur,16,vectorized,59.14453125,41.93751525878906,41.93751525878906,0.0,62.495612314452146,62.495612144470215,-1.6998193075323798e-07,True,True,ok
development,conv2d,4,compiler-native,88.15625,59.31251525878906,59.31251525878906,0.0,92.34786629572702,92.34786605834961,-2.373774066199985e-07,True,True,ok
development,conv2d,8,compiler-native,192.98828125,156.31251525878906,156.31251525878906,0.0,260.6741187379522,260.6741180419922,-6.959600113987108e-07,True,True,ok
development,conv2d,16,compiler-native,635.24609375,519.3125152587891,519.3125152587891,0.0,896.7816407640112,896.7816400527954,-7.112157618394122e-07,True,True,ok
development,deep_network,3,deep-poly,43.98046875,41.06251525878906,41.06251525878906,0.0,57.818700243452696,57.81869983673096,-4.067217389547295e-07,True,True,ok
development,deep_network,5,deep-poly,56.9765625,55.56251525878906,55.56251525878906,0.0,79.64324313430077,79.64324283599854,-2.983022397984314e-07,True,True,ok
development,deep_network,8,deep-poly,146.9765625,151.12501525878906,151.12501525878906,0.0,223.45564003131256,223.45563983917236,-1.9214019175706198e-07,False,False,ok
development,deep_network,3,deep-conv,74.29296875,51.81251525878906,51.81251525878906,0.0,82.18861997287455,82.18861961364746,-3.59227087187719e-07,True,True,ok
development,deep_network,4,deep-conv,95.0625,61.81251525878906,61.81251525878906,0.0,100.56761507001117,100.56761455535889,-5.146522852328417e-07,True,True,ok
development,deep_network,8,deep-conv,201.359375,141.81251525878906,141.81251525878906,0.0,243.59957584710406,243.5995750427246,-8.0437945371159e-07,True,True,ok
development,deep_network,2,deep-linear,78.94140625,65.06251525878906,65.06251525878906,0.0,100.40328847658057,100.40328788757324,-5.890073282444064e-07,True,True,ok
development,deep_network,4,deep-linear,164.4765625,110.06251525878906,110.06251525878906,0.0,186.85876641369532,186.85876560211182,-8.115835044009145e-07,True,True,ok
development,deep_network,8,deep-linear,461.0625,272.06251525878906,272.06251525878906,0.0,502.8984869873085,502.89848613739014,-8.499183650201303e-07,True,True,ok
development,dot_product,4,scalar,57.1953125,41.81251525878906,41.81251525878906,0.0,62.30962487573794,62.309624671936035,-2.0380190335345105e-07,True,True,ok
development,dot_product,4,vectorized,50.57421875,42.06251525878906,42.06251525878906,0.0,59.68159975316635,59.681599617004395,-1.361619581530249e-07,True,True,ok
development,dot_product,8,scalar,70.8515625,49.81251525878906,49.81251525878906,0.0,78.21282095344723,78.21282005310059,-9.003466487911282e-07,True,True,ok
development,dot_product,8,vectorized,51.8203125,45.18751525878906,45.18751525878906,0.0,64.33128572102154,64.33128547668457,-2.443369737648027e-07,True,True,ok
development,dot_product,16,scalar,89.9609375,65.81251525878906,65.81251525878906,0.0,110.01921310886581,110.01921272277832,-3.860874926431279e-07,True,True,ok
development,dot_product,16,vectorized,57.80859375,48.31251525878906,48.31251525878906,0.0,68.98097168887674,68.98097133636475,-3.5251198937658046e-07,True,True,ok
development,dot_product,32,scalar,158.19140625,97.81251525878906,97.81251525878906,0.0,173.63199741970297,173.63199710845947,-3.1124349675337726e-07,True,True,ok
development,dot_product,32,vectorized,61.16796875,51.43751525878906,51.43751525878906,0.0,73.63065765673193,73.63065719604492,-4.6068700498835824e-07,True,True,ok
development,gx_kernel,4,scalar,109.46875,69.31251525878906,69.31251525878906,0.0,107.22686139286363,107.22686100006104,-3.9280259045426646e-07,False,False,ok
development,gx_kernel,4,vectorized,57.31640625,44.31251525878906,43.31251525878906,-1.0,66.0293736500221,64.04147338867188,-1.9879002613502195,True,True,ok
development,gx_kernel,8,scalar,259.7265625,183.31251525878906,183.31251525878906,0.0,300.84740550022104,300.8474054336548,-6.656625828327378e-08,True,True,ok
development,gx_kernel,8,vectorized,55.08203125,42.31251525878906,43.31251525878906,1.0,63.55357463059477,64.04147338867188,0.48789875807710814,True,True,ok
development,gx_kernel,16,scalar,863.8671875,600.3125152587891,600.3125152587891,0.0,1017.3015010508178,1017.3015003204346,-7.303832489924389e-07,True,True,ok
development,gx_kernel,16,vectorized,55.46875,43.31251525878906,43.31251525878906,0.0,65.54147414030842,65.54147338867188,-7.516365485571441e-07,True,True,ok
development,gy_kernel,4,scalar,104.25390625,65.31251525878906,65.31251525878906,0.0,101.27526335400898,101.2752628326416,-5.213673830439802e-07,False,False,ok
development,gy_kernel,4,vectorized,61.3515625,47.31251525878906,47.31251525878906,0.0,71.99307217916308,71.99307155609131,-6.230717701782851e-07,True,True,ok
development,gy_kernel,8,scalar,293.90234375,177.31251525878906,177.31251525878906,0.0,291.92000844193905,291.9200077056885,-7.362505698438326e-07,False,False,ok
development,gy_kernel,8,vectorized,62.9140625,44.31251525878906,48.31251525878906,4.0,67.5293736500221,73.98097133636475,6.451597686342652,True,True,ok
development,gy_kernel,16,scalar,869.125,587.3125152587891,587.3125152587891,0.0,997.9588074245403,997.9588069915771,-4.3296313378959894e-07,True,True,ok
development,gy_kernel,16,vectorized,71.1640625,47.31251525878906,47.31251525878906,0.0,73.49307217916308,73.49307155609131,-6.230717701782851e-07,True,True,ok
development,l2_distance,4,scalar,59.05859375,41.81251525878906,41.81251525878906,0.0,62.30962487573794,62.309624671936035,-2.0380190335345105e-07,True,True,ok
development,l2_distance,4,vectorized,52.2265625,42.06251525878906,42.06251525878906,0.0,59.68159975316635,59.681599617004395,-1.361619581530249e-07,True,True,ok
development,l2_distance,8,scalar,77.94921875,49.81251525878906,49.81251525878906,0.0,78.21282095344723,78.21282005310059,-9.003466487911282e-07,True,True,ok
development,l2_distance,8,vectorized,53.00390625,45.18751525878906,45.18751525878906,0.0,64.33128572102154,64.33128547668457,-2.443369737648027e-07,True,True,ok
development,l2_distance,16,scalar,102.34765625,65.81251525878906,65.81251525878906,0.0,110.01921310886581,110.01921272277832,-3.860874926431279e-07,True,True,ok
development,l2_distance,16,vectorized,57.69921875,48.31251525878906,48.31251525878906,0.0,68.98097168887674,68.98097133636475,-3.5251198937658046e-07,True,True,ok
development,l2_distance,32,scalar,170.33203125,97.81251525878906,97.81251525878906,0.0,173.63199741970297,173.63199710845947,-3.1124349675337726e-07,True,True,ok
development,l2_distance,32,vectorized,65.52734375,51.43751525878906,51.43751525878906,0.0,73.63065765673193,73.63065719604492,-4.6068700498835824e-07,True,True,ok
development,lin_reg,4,scalar,53.125,41.31251525878906,41.31251525878906,0.0,61.56567512088111,61.565674781799316,-3.3908179375430336e-07,True,True,ok
development,lin_reg,4,vectorized,31.78125,32.31251525878906,32.31251525878906,0.0,45.17457953345816,45.17457866668701,-8.667711455245808e-07,False,False,ok
development,lin_reg,8,scalar,76.29296875,53.31251525878906,53.31251525878906,0.0,83.42046923744505,83.4204683303833,-9.070617466022668e-07,True,True,ok
development,lin_reg,8,vectorized,34.921875,32.31251525878906,32.31251525878906,0.0,45.17457953345816,45.17457866668701,-8.667711455245808e-07,True,True,ok
development,lin_reg,16,scalar,104.3828125,77.31251525878906,77.31251525878906,0.0,127.13005747057292,127.1300573348999,-1.3567301948569366e-07,True,True,ok
development,lin_reg,16,vectorized,38.31640625,32.31251525878906,32.31251525878906,0.0,45.17457953345816,45.17457866668701,-8.667711455245808e-07,True,True,ok
development,matrix_mul,4,scalar,116.578125,80.81251525878906,80.81251525878906,0.0,132.33770575457072,132.33770561218262,-1.423881030859775e-07,True,True,ok
development,matrix_mul,4,vectorized,50.6875,42.06251525878906,42.06251525878906,0.0,59.68159975316635,59.681599617004395,-1.361619581530249e-07,True,True,ok
development,matrix_mul,8,scalar,339.62109375,224.81251525878906,224.81251525878906,0.0,394.59523515333797,394.59523487091064,-2.8242732241778867e-07,True,True,ok
development,matrix_mul,8,vectorized,51.734375,45.18751525878906,45.18751525878906,0.0,64.33128572102154,64.33128547668457,-2.443369737648027e-07,True,True,ok
development,matrix_mul,16,scalar,1134.921875,800.8125152587891,800.8125152587891,0.0,1443.6253527484068,1443.6253519058228,-8.425840860581957e-07,True,True,ok
development,matrix_mul,16,vectorized,56.59765625,48.31251525878906,48.31251525878906,0.0,68.98097168887674,68.98097133636475,-3.5251198937658046e-07,True,True,ok
development,poly_derivative,4,scalar,46.18359375,36.31251525878906,36.31251525878906,0.0,50.6261775723128,50.626176834106445,-7.38206352934867e-07,True,True,ok
development,poly_derivative,8,scalar,43.45703125,36.31251525878906,36.31251525878906,0.0,50.6261775723128,50.626176834106445,-7.38206352934867e-07,True,True,ok
development,poly_derivative,16,scalar,48.07421875,36.31251525878906,36.31251525878906,0.0,50.6261775723128,50.626176834106445,-7.38206352934867e-07,True,True,ok
development,poly_reg,4,scalar,73.94140625,56.81251525878906,56.81251525878906,0.0,90.62811752144286,90.62811660766602,-9.137768444134053e-07,True,True,ok
development,poly_reg,4,vectorized,45.125,37.81251525878906,37.81251525878906,0.0,54.8580268368833,54.8580265045166,-3.323666959431648e-07,True,True,ok
development,poly_reg,8,scalar,112.57421875,80.81251525878906,80.81251525878906,0.0,136.33770575457072,136.33770561218262,-1.423881030859775e-07,True,True,ok
development,poly_reg,8,vectorized,44.8671875,37.81251525878906,37.81251525878906,0.0,54.8580268368833,54.8580265045166,-3.323666959431648e-07,True,True,ok
development,poly_reg,16,scalar,194.7421875,128.81251525878906,128.81251525878906,0.0,227.75688222082647,227.7568817138672,-5.069592816653312e-07,True,True,ok
development,poly_reg,16,vectorized,46.09375,37.81251525878906,37.81251525878906,0.0,54.8580268368833,54.8580265045166,-3.323666959431648e-07,True,True,ok
development,roberts_cross,4,scalar,92.4140625,72.31251525878906,72.31251525878906,0.0,111.69055992200461,111.69055938720703,-5.347975786662573e-07,True,True,ok
development,roberts_cross,4,vectorized,50.921875,40.31251525878906,41.31251525878906,1.0,59.077775611167446,61.065674781799316,1.98789917063187,True,True,ok
development,roberts_cross,8,scalar,251.98828125,177.31251525878906,177.31251525878906,0.0,291.92000844193905,291.9200077056885,-7.362505698438326e-07,True,True,ok
development,roberts_cross,8,vectorized,51.16796875,40.31251525878906,40.31251525878906,0.0,59.077775611167446,59.07777500152588,-6.096415674505806e-07,True,True,ok
development,roberts_cross,16,scalar,655.67578125,571.3125152587891,571.3125152587891,0.0,974.1524152691215,974.1524143218994,-9.472221336181974e-07,True,True,ok
development,roberts_cross,16,vectorized,53.0625,40.31251525878906,40.31251525878906,0.0,59.077775611167446,59.07777500152588,-6.096415674505806e-07,True,True,ok
development,sort,4,vectorized,278.90234375,173.43751525878906,171.43751525878906,-2.0,296.15439784179864,292.17859840393066,-3.975799437867977,True,True,ok
holdout,discrete_cosin_transform,4,scalar,51.6015625,38.31251525878906,38.31251525878906,0.0,55.10197639465332,55.10197639465332,0.0,True,True,ok
holdout,discrete_cosin_transform,8,scalar,47.56640625,38.31251525878906,38.31251525878906,0.0,55.10197639465332,55.10197639465332,0.0,True,True,ok
holdout,discrete_cosin_transform,16,scalar,49.56640625,38.31251525878906,38.31251525878906,0.0,55.10197639465332,55.10197639465332,0.0,True,True,ok
holdout,hamming_dist,4,scalar,59.40625,43.31251525878906,43.31251525878906,0.0,64.54147338867188,64.54147338867188,0.0,True,True,ok
holdout,hamming_dist,4,vectorized,63.41796875,48.18751525878906,48.18751525878906,0.0,70.29498386383057,70.29498386383057,0.0,True,True,ok
holdout,hamming_dist,8,scalar,70.32421875,51.31251525878906,51.31251525878906,0.0,80.44466972351074,80.44466972351074,0.0,True,True,ok
holdout,hamming_dist,8,vectorized,67.125,51.31251525878906,51.31251525878906,0.0,74.94466972351074,74.94466972351074,0.0,True,True,ok
holdout,hamming_dist,16,scalar,100.28125,67.31251525878906,67.31251525878906,0.0,112.25106143951416,112.25106143951416,0.0,True,True,ok
holdout,hamming_dist,16,vectorized,74.7421875,54.43751525878906,55.43751525878906,1.0,79.59435558319092,81.58225536346436,1.9878997802734375,True,True,ok
holdout,hamming_dist,32,scalar,161.44140625,99.31251525878906,99.31251525878906,0.0,175.8638458251953,175.8638458251953,0.0,True,True,ok
holdout,hamming_dist,32,vectorized,82.74609375,59.06251525878906,59.06251525878906,0.0,86.97589111328125,86.97589111328125,0.0,True,True,ok
holdout,max,4,scalar,89.01171875,42.93751525878906,56.68751525878906,13.75,61.233510971069336,86.69212913513184,25.4586181640625,False,False,ok
holdout,max,4,vectorized,109.1796875,69.56251525878906,69.56251525878906,0.0,109.5988359451294,109.5988359451294,0.0,True,True,ok
holdout,sobel,4,scalar,143.2734375,90.31251525878906,90.31251525878906,0.0,138.47275066375732,138.47275066375732,0.0,False,False,ok
holdout,sobel,4,vectorized,89.109375,56.43751525878906,56.43751525878906,0.0,88.5701551437378,88.0701551437378,-0.5,False,False,ok
holdout,sobel,8,scalar,371.4140625,218.31251525878906,218.31251525878906,0.0,352.92388820648193,352.92388820648193,0.0,False,False,ok
holdout,sobel,8,vectorized,96.75,61.43751525878906,58.43751525878906,-3.0,98.50965213775635,92.54595375061035,-5.963698387145996,True,False,ok
holdout,sobel,16,scalar,932.140625,671.3125152587891,671.3125152587891,0.0,1122.9423656463623,1122.9423656463623,0.0,True,True,ok
holdout,sobel,16,vectorized,97.140625,61.43751525878906,61.43751525878906,0.0,98.50965213775635,98.50965213775635,0.0,True,True,ok
