split,metric,old,new
development,program_count,74,74
development,interval_coverage,0.918918918918919,0.918918918918919
development,median_absolute_error_mib,17.923812866210938,17.226547241210938
development,median_absolute_percentage_error,24.246979626708836,24.230422268340917
development,mean_signed_lo_error_percent,-24.38214424629449,-24.327451952215682
development,mean_within_benchmark_spearman,0.9262234822072353,0.9091034321993651
development,within_benchmark_pairwise_rank_accuracy,0.9259259259259259,0.9148936170212766
development,ranked_pair_count,189,188
development,false_accept_count_at_64_mib,0,0
development,false_reject_count_at_64_mib,13,14
development,measured_fit_count_at_64_mib,35,35
development,false_reject_rate_at_64_mib,0.37142857142857144,0.4
development,false_accept_count_at_256_mib,0,0
development,false_reject_count_at_256_mib,3,3
development,measured_fit_count_at_256_mib,63,63
development,false_reject_rate_at_256_mib,0.047619047619047616,0.047619047619047616
development,false_accept_count_at_1024_mib,0,0
development,false_reject_count_at_1024_mib,0,0
development,measured_fit_count_at_1024_mib,73,73
development,false_reject_rate_at_1024_mib,0.0,0.0
holdout,program_count,19,19
holdout,interval_coverage,0.7894736842105263,0.7368421052631579
holdout,median_absolute_error_mib,32.67185974121094,32.32420349121094
holdout,median_absolute_percentage_error,28.62198977363924,28.62198977363924
holdout,mean_signed_lo_error_percent,-31.625929407094564,-30.90568932792997
holdout,mean_within_benchmark_spearman,0.9932135193323891,0.9980099324626683
holdout,within_benchmark_pairwise_rank_accuracy,1.0,1.0
holdout,ranked_pair_count,42,43
holdout,false_accept_count_at_64_mib,1,0
holdout,false_reject_count_at_64_mib,2,2
holdout,measured_fit_count_at_64_mib,5,5
holdout,false_reject_rate_at_64_mib,0.4,0.4
holdout,false_accept_count_at_256_mib,0,0
holdout,false_reject_count_at_256_mib,0,0
holdout,measured_fit_count_at_256_mib,17,17
holdout,false_reject_rate_at_256_mib,0.0,0.0
holdout,false_accept_count_at_1024_mib,0,0
holdout,false_reject_count_at_1024_mib,1,1
holdout,measured_fit_count_at_1024_mib,19,19
holdout,false_reject_rate_at_1024_mib,0.05263157894736842,0.05263157894736842
development,gc_headroom_factor_p95_REPORT_ONLY_frozen_not_retuned,0.48789950971366136,0.48789950971366136
development,gc_headroom_factor_p95_from_saved_rows_check,0.48789950971366136,0.48789950971366136
