Split,Metric,Value
development,program_count,74
development,interval_coverage,0.35135135135135137
development,median_absolute_error_mib,39.5859375
development,median_absolute_percentage_error,54.94501549007453
development,mean_signed_lo_error_percent,-52.847634556987245
development,mean_within_benchmark_spearman,0.9437072089833553
development,within_benchmark_pairwise_rank_accuracy,0.9625668449197861
development,ranked_pair_count,187
development,false_accept_count_at_64_mib,7
development,measured_fit_count_at_64_mib,34
development,false_reject_rate_at_64_mib,0.0
development,false_accept_count_at_256_mib,0
development,measured_fit_count_at_256_mib,63
development,false_reject_rate_at_256_mib,0.06349206349206349
development,false_accept_count_at_1024_mib,0
development,measured_fit_count_at_1024_mib,73
development,false_reject_rate_at_1024_mib,0.0684931506849315
holdout,program_count,19
holdout,interval_coverage,0.3157894736842105
holdout,median_absolute_error_mib,50.2109375
holdout,median_absolute_percentage_error,53.59710093269173
holdout,mean_signed_lo_error_percent,-55.29521561091185
holdout,mean_within_benchmark_spearman,0.9582785271505904
holdout,within_benchmark_pairwise_rank_accuracy,0.9534883720930233
holdout,ranked_pair_count,43
holdout,false_accept_count_at_64_mib,4
holdout,measured_fit_count_at_64_mib,5
holdout,false_reject_rate_at_64_mib,0.0
holdout,false_accept_count_at_256_mib,0
holdout,measured_fit_count_at_256_mib,17
holdout,false_reject_rate_at_256_mib,0.0
holdout,false_accept_count_at_1024_mib,0
holdout,measured_fit_count_at_1024_mib,19
holdout,false_reject_rate_at_1024_mib,0.05263157894736842
