Benchmark,Width,Vectorization,N,L,Split,Estimated Lo (MiB),Estimated Hi (MiB),Median RSS (MiB),Min RSS (MiB),Max RSS (MiB),Signed Lo Error (%),In Interval,Repeat Count,Baseline RSS Median (MiB),Baseline RSS Min (MiB),Baseline RSS Max (MiB),Keys RSS Median (MiB),Keys RSS Min (MiB),Keys RSS Max (MiB),Inputs RSS Median (MiB),Inputs RSS Min (MiB),Inputs RSS Max (MiB),Evaluation RSS Median (MiB),Evaluation RSS Min (MiB),Evaluation RSS Max (MiB)
box_blur,4,scalar,16384,6,development,40.51171875,106.60289001464844,91.46875,86.63671875,95.73046875,-55.709771096686026,True,5,7.515625,7.51171875,7.59375,18.546875,18.453125,18.734375,52.734375,49.89453125,55.04296875,82.87890625,82.3359375,86.421875
box_blur,4,vectorized,16384,6,development,24.51171875,40.16289043426514,55.7421875,52.1171875,66.16796875,-56.02662929222144,False,5,7.75390625,7.6875,7.84765625,18.828125,18.47265625,19.2109375,49.5859375,48.69140625,54.296875,54.30078125,51.64453125,60.48046875
box_blur,8,scalar,16384,6,development,136.51171875,381.16289043426514,235.6796875,232.44140625,238.6953125,-42.077435608446315,True,5,7.66015625,7.5859375,7.671875,18.53515625,18.4453125,18.890625,122.22265625,112.7890625,129.08984375,225.88671875,222.47265625,226.453125
box_blur,8,vectorized,16384,6,development,21.51171875,33.56289005279541,59.71875,58.2890625,64.6953125,-63.97828362114076,False,5,7.6015625,7.51953125,7.68359375,24.83203125,24.64453125,25.00390625,46.5234375,41.0390625,52.625,57.0625,52.32421875,62.12890625
box_blur,16,scalar,16384,6,development,520.51171875,1479.4028902053833,784.76953125,775.46484375,804.390625,-33.67330177550137,True,5,7.73046875,7.72265625,7.8125,18.60546875,18.48046875,18.80078125,390.84375,374.546875,396.59375,778.1484375,763.12890625,792.35546875
box_blur,16,vectorized,16384,6,development,21.51171875,33.56289005279541,63.18359375,52.73828125,64.1953125,-65.95363214837712,False,5,7.51953125,7.515625,7.6015625,24.71484375,24.4921875,24.8515625,46.00390625,43.3046875,51.8984375,56.92578125,47.1796875,61.99609375
conv2d,4,compiler-native,16384,6,development,39.01171875,95.712890625,84.51171875,80.0625,88.7421875,-53.83868731222557,True,5,7.734375,7.65234375,7.765625,18.5078125,18.15625,18.94921875,52.59375,48.66796875,57.25390625,84.1875,79.1171875,85.7421875
conv2d,8,compiler-native,16384,6,development,136.01171875,379.73289012908936,194.94921875,191.41015625,199.5625,-30.23223195142966,True,5,7.62109375,7.61328125,7.71484375,18.6796875,18.53515625,18.8984375,119.9140625,113.546875,127.76953125,171.37890625,167.578125,173.921875
conv2d,16,compiler-native,16384,6,development,499.01171875,1417.9128904342651,635.8515625,631.1484375,641.8125,-21.520721473417783,True,5,7.75390625,7.75,7.83984375,18.62890625,18.52734375,18.83203125,385.21875,371.0703125,404.08984375,555.9140625,548.6953125,569.01171875
deep_network,3,deep-poly,16384,7,development,16.88671875,22.700389862060547,44.02734375,43.52734375,44.15234375,-61.64492946499867,False,5,7.609375,7.6015625,7.75,20.984375,20.83984375,21.2109375,30.83984375,30.74609375,30.8984375,38.4140625,38.2734375,38.609375
deep_network,5,deep-poly,16384,9,development,22.88671875,34.80039024353027,56.02734375,51.59765625,57.90234375,-59.150805270863835,False,5,7.61328125,7.61328125,7.6875,26.6796875,26.46875,28.32421875,38.48828125,36.078125,39.12109375,51.85546875,50.21875,52.1640625
deep_network,8,deep-poly,32768,12,development,59.26171875,109.18789005279541,150.53125,145.41015625,150.90625,-60.631617189121854,False,5,7.62890625,7.546875,7.6328125,61.35546875,60.9375,62.01171875,92.796875,90.72265625,94.3046875,138.8203125,133.5078125,139.20703125
deep_network,3,deep-conv,16384,6,development,31.51171875,54.462890625,74.5078125,69.90625,74.95703125,-57.7068260459264,False,5,7.5234375,7.51953125,7.62890625,18.63671875,18.46875,19.125,52.703125,50.91015625,54.5859375,73.05859375,66.41015625,73.6796875
deep_network,4,deep-conv,16384,6,development,41.51171875,109.462890625,97.08203125,95.50390625,100.45703125,-57.24057457852171,True,5,7.66796875,7.6640625,7.75,18.6328125,18.53515625,19.03125,66.4453125,64.62890625,70.515625,95.7109375,94.953125,97.296875
deep_network,8,deep-conv,16384,6,development,121.51171875,338.26288986206055,200.640625,199.67578125,203.140625,-39.43812787166109,True,5,7.8671875,7.7890625,7.875,18.6640625,18.58203125,18.94140625,131.94921875,129.6484375,140.42578125,149.515625,129.76953125,157.3203125
deep_network,2,deep-linear,16384,8,development,36.76171875,66.837890625,81.55859375,76.1171875,84.87890625,-54.926002203170654,False,5,7.59765625,7.51171875,7.60546875,23.56640625,23.3828125,23.68359375,65.5390625,60.984375,67.70703125,79.1015625,74.171875,85.12890625
deep_network,4,deep-linear,16384,8,development,81.76171875,195.53789043426514,158.21875,147.21875,173.09375,-48.323622358285604,True,5,7.62109375,7.61328125,7.734375,23.52734375,22.51171875,23.62890625,117.62109375,111.3359375,127.11328125,153.28125,146.296875,173.41796875
deep_network,8,deep-linear,16384,8,development,243.76171875,687.8978891372681,454.8125,442.59375,489.34375,-46.40390957812286,True,5,7.89453125,7.8046875,7.9296875,23.6796875,23.05078125,23.83984375,348.609375,338.96875,368.09765625,446.0,434.7265625,484.25
discrete_cosin_transform,4,scalar,16384,6,holdout,18.01171875,33.01288986206055,50.58984375,48.78515625,51.5625,-64.39657169330553,False,5,7.51171875,7.5078125,7.6015625,18.5,18.29296875,18.90234375,31.5703125,29.0703125,34.15234375,45.10546875,42.109375,46.32421875
discrete_cosin_transform,8,scalar,16384,6,holdout,18.01171875,33.01288986206055,51.8828125,50.83203125,55.296875,-65.28384279475983,False,5,7.54296875,7.5078125,7.6171875,18.62890625,18.34375,18.8828125,31.20703125,28.90625,34.87109375,45.8046875,44.71484375,46.29296875
discrete_cosin_transform,16,scalar,16384,6,holdout,18.01171875,33.01288986206055,50.9921875,49.96875,60.1875,-64.67749348858587,False,5,7.515625,7.5078125,7.59765625,18.48828125,18.1640625,18.7890625,33.98046875,29.10546875,34.9765625,45.6484375,41.34375,46.140625
dot_product,4,scalar,16384,6,development,21.51171875,31.362890243530273,50.953125,49.0,55.92578125,-57.78135541245016,False,5,7.5078125,7.5078125,7.6015625,18.4921875,18.38671875,18.84375,39.90625,37.15234375,40.66796875,48.37890625,46.2578125,51.953125
dot_product,4,vectorized,16384,6,development,21.51171875,29.162890434265137,50.34765625,48.8828125,50.75,-57.27364419272247,False,5,7.52734375,7.5234375,7.625,30.9765625,30.87109375,31.05078125,39.89453125,39.0546875,39.98828125,45.34765625,44.32421875,45.91015625
dot_product,8,scalar,16384,6,development,29.51171875,48.962890625,65.8671875,62.11328125,70.359375,-55.195113272446925,False,5,7.515625,7.515625,7.59765625,18.51953125,18.40625,18.6171875,52.93359375,49.80078125,58.01953125,62.0234375,61.703125,68.1328125
dot_product,8,vectorized,16384,6,development,24.51171875,34.66289043426514,51.8125,51.32421875,55.3828125,-52.69149577804584,False,5,7.53125,7.515625,7.60546875,34.26171875,34.09765625,37.328125,37.078125,36.44140625,41.9765625,47.6875,47.2265625,51.015625
dot_product,16,scalar,16384,6,development,45.51171875,84.16289043426514,98.0078125,93.640625,100.33984375,-53.563172578716625,False,5,7.6796875,7.62890625,7.68359375,18.75,18.58984375,19.3125,73.05078125,71.30859375,77.50390625,96.08203125,93.54296875,100.20703125
dot_product,16,vectorized,16384,6,development,27.51171875,40.16289043426514,56.57421875,56.15625,58.87890625,-51.370572395221984,False,5,7.6015625,7.5234375,7.61328125,43.19140625,43.03515625,43.5859375,45.5625,45.421875,47.9296875,52.58203125,51.9609375,54.8203125
dot_product,32,scalar,16384,6,development,77.51171875,154.5628900527954,160.859375,146.44140625,163.69140625,-51.81398737251093,False,5,7.72265625,7.640625,7.7265625,18.87109375,18.41796875,19.00390625,123.0234375,121.54296875,126.59765625,158.984375,146.4921875,162.58203125
dot_product,32,vectorized,16384,6,development,30.51171875,45.66289043426514,64.00390625,57.37109375,64.5859375,-52.32834909978639,False,5,7.5234375,7.5234375,7.52734375,49.1875,45.4140625,49.6640625,53.47265625,48.75390625,54.80859375,60.125,57.34375,60.37109375
gx_kernel,4,scalar,16384,6,development,49.01171875,106.712890625,105.06640625,97.99609375,109.5546875,-53.35167490798231,True,5,7.5234375,7.515625,7.6015625,18.54296875,18.2265625,19.26171875,51.671875,47.21875,55.703125,93.29296875,91.72265625,101.34375
gx_kernel,4,vectorized,16384,6,development,23.01171875,35.212890625,55.7421875,54.06640625,58.41015625,-58.71758934828312,False,5,7.51953125,7.51171875,7.6015625,18.5078125,18.35546875,18.6171875,36.71484375,35.02734375,38.70703125,54.453125,51.359375,55.66015625
gx_kernel,8,scalar,16384,6,development,163.01171875,425.712890625,264.8515625,255.06640625,275.20703125,-38.451668092386655,True,5,7.65625,7.6484375,7.7421875,18.65625,18.41015625,19.1484375,120.6640625,114.26171875,129.625,262.63671875,247.3671875,264.68359375
gx_kernel,8,vectorized,16384,6,development,23.01171875,35.212890625,55.47265625,54.43359375,57.5234375,-58.51700584465883,False,5,7.59765625,7.515625,7.6328125,18.5625,18.24609375,19.046875,38.12109375,35.2421875,44.1484375,55.234375,53.00390625,55.875
gx_kernel,16,scalar,16384,6,development,580.01171875,1649.572889328003,856.4375,850.9140625,864.83984375,-32.276235130993214,True,5,7.8671875,7.78515625,7.875,18.85546875,18.2734375,19.046875,381.4609375,377.6171875,414.09765625,853.38671875,843.4609375,855.578125
gx_kernel,16,vectorized,16384,6,development,23.01171875,39.61289024353027,54.484375,52.9921875,57.3828125,-57.76455405792945,False,5,7.51953125,7.515625,7.6015625,18.55078125,18.52734375,18.9375,46.875,44.98046875,47.84765625,53.73046875,52.6640625,57.32421875
gy_kernel,4,scalar,16384,6,development,45.01171875,97.91289043426514,108.33984375,102.59375,111.41796875,-58.4532179556517,False,5,7.52734375,7.51953125,7.60546875,18.58203125,18.42578125,18.796875,54.06640625,49.875,56.796875,97.86328125,87.10546875,100.3125
gy_kernel,4,vectorized,16384,6,development,27.01171875,46.212890625,65.89453125,61.12109375,68.296875,-59.007647163435884,False,5,7.6640625,7.65625,7.7421875,18.546875,18.33984375,19.0,49.48828125,49.296875,50.17578125,61.91015625,59.43359375,63.015625
gy_kernel,8,scalar,16384,6,development,157.01171875,410.3128900527954,299.89453125,286.65234375,302.94921875,-47.64435413491722,True,5,7.8125,7.80859375,7.83984375,18.7578125,18.671875,19.17578125,127.6796875,110.6484375,129.4375,290.22265625,282.3671875,294.07421875
gy_kernel,8,vectorized,16384,6,development,24.01171875,44.01288986206055,61.93359375,53.62109375,64.25390625,-61.22989593188268,False,5,7.5859375,7.515625,7.59375,18.69921875,18.5390625,18.80078125,49.2265625,43.23828125,50.71875,55.87890625,53.47265625,57.75390625
gy_kernel,16,scalar,16384,6,development,567.01171875,1612.3928890228271,847.73828125,843.71484375,879.37890625,-33.114767695292166,True,5,7.6953125,7.6953125,7.77734375,18.73828125,18.6875,18.9921875,372.2890625,371.2421875,403.85546875,839.05078125,783.5859375,871.5859375
gy_kernel,16,vectorized,16384,6,development,26.01171875,49.51288986206055,68.7578125,59.359375,70.5078125,-62.169071696398134,False,5,7.58984375,7.50390625,7.6171875,18.5,18.34765625,18.890625,51.23046875,48.19140625,55.046875,63.07421875,59.29296875,67.39453125
hamming_dist,4,scalar,16384,6,holdout,23.01171875,46.212890625,55.64453125,53.49609375,60.13671875,-58.64513864513865,False,5,7.66796875,7.6640625,7.75,18.7265625,18.29296875,19.09765625,39.296875,38.91796875,47.6796875,55.72265625,53.3359375,59.21875
hamming_dist,4,vectorized,16384,6,holdout,27.51171875,41.26288986206055,63.14453125,61.109375,63.51953125,-56.43055985153108,False,5,7.6796875,7.5546875,7.70703125,34.53125,33.8671875,37.42578125,46.0,45.50390625,50.4765625,57.83984375,57.5859375,60.5078125
hamming_dist,8,scalar,16384,6,holdout,31.01171875,77.01288986206055,73.96484375,66.27734375,76.5234375,-58.07235278584631,True,5,7.55078125,7.54296875,7.62890625,18.58984375,18.5390625,18.81640625,50.48828125,47.80859375,52.8125,69.63671875,65.71875,72.13671875
hamming_dist,8,vectorized,16384,6,holdout,30.51171875,46.76288986206055,65.75390625,62.1875,66.640625,-53.59710093269173,False,5,7.6875,7.6796875,7.6875,43.58203125,43.3046875,43.765625,52.44921875,49.51953125,54.04296875,64.21484375,61.83203125,64.47265625
hamming_dist,16,scalar,16384,6,holdout,47.01171875,125.19288921356201,97.82421875,94.8984375,105.26953125,-51.942658627161286,True,5,7.5703125,7.5625,7.73046875,18.53515625,18.23046875,18.68359375,72.55859375,69.15234375,73.4140625,96.3671875,90.01953125,105.1015625
hamming_dist,16,vectorized,16384,6,holdout,33.51171875,52.26288986206055,68.109375,66.81640625,70.7265625,-50.79720119293416,False,5,7.60546875,7.6015625,7.6875,49.5,49.36328125,49.81640625,56.8984375,53.81640625,57.48046875,65.875,63.83203125,68.015625
hamming_dist,32,scalar,16384,6,holdout,79.01171875,216.712890625,166.20703125,155.07421875,173.83203125,-52.461867493948155,True,5,7.6640625,7.66015625,7.7421875,18.76171875,18.55078125,19.3046875,121.40234375,114.25390625,127.59375,147.82421875,98.484375,148.45703125
hamming_dist,32,vectorized,16384,6,holdout,38.01171875,61.61289024353027,77.50390625,71.65625,85.140625,-50.95509298926465,False,5,7.6328125,7.5546875,7.65625,55.17578125,55.03125,55.62890625,65.73828125,63.0078125,67.32421875,72.375,68.2578125,79.4453125
l2_distance,4,scalar,16384,6,development,21.51171875,35.76288986206055,54.2890625,51.62890625,55.5859375,-60.37559361059145,False,5,7.6484375,7.64453125,7.8203125,18.546875,18.46875,18.74609375,40.96484375,37.2265625,44.66015625,52.81640625,48.11328125,55.140625
l2_distance,4,vectorized,16384,6,development,21.51171875,30.262889862060547,50.640625,49.76953125,51.61328125,-57.520826905276145,False,5,7.60546875,7.59375,7.6796875,31.06640625,30.609375,31.32421875,39.71875,39.17578125,40.46875,46.33984375,45.33203125,46.8203125
l2_distance,8,scalar,16384,6,development,29.51171875,57.76288986206055,72.5546875,63.6640625,76.45703125,-59.3248627113169,False,5,7.7421875,7.66015625,7.75390625,18.6796875,18.33984375,18.94140625,54.40234375,49.2421875,54.91796875,71.13671875,62.0625,75.30078125
l2_distance,8,vectorized,16384,6,development,24.51171875,35.76288986206055,52.89453125,52.14453125,55.2109375,-53.65925707111735,False,5,7.6796875,7.6015625,7.6875,34.171875,34.0078125,37.25,37.30859375,36.56640625,40.97265625,48.6875,48.21875,50.90625
l2_distance,16,scalar,16384,6,development,45.51171875,101.76288986206055,94.86328125,93.84765625,109.859375,-52.023883055383976,True,5,7.69921875,7.62109375,7.70703125,18.54296875,18.41796875,18.7890625,73.94140625,72.80859375,81.20703125,94.625,93.88671875,107.7265625
l2_distance,16,vectorized,16384,6,development,27.51171875,41.26288986206055,59.39453125,57.47265625,61.30078125,-53.67971062150608,False,5,7.60546875,7.6015625,7.68359375,43.37890625,42.9296875,43.5390625,45.71875,45.6640625,47.40234375,55.35546875,53.50390625,56.55078125
l2_distance,32,scalar,16384,6,development,77.51171875,189.76288986206055,163.21484375,152.265625,178.3359375,-52.50939377258693,True,5,7.6640625,7.66015625,7.75,18.65625,18.5703125,18.99609375,120.0078125,114.2265625,129.26171875,159.39453125,151.671875,168.97265625
l2_distance,32,vectorized,16384,6,development,30.51171875,46.76288986206055,61.76953125,60.35546875,65.76953125,-50.603933472459374,False,5,7.68359375,7.60546875,7.6875,49.54296875,46.41796875,49.83984375,53.84765625,48.8203125,53.87109375,60.2265625,57.8515625,61.6328125
lin_reg,4,scalar,16384,6,development,21.01171875,36.31289005279541,54.3984375,51.63671875,55.47265625,-61.37440758293838,False,5,7.5703125,7.56640625,7.6484375,18.57421875,18.4375,18.98828125,40.7578125,39.16015625,41.53515625,49.51953125,48.42578125,52.76953125
lin_reg,4,vectorized,16384,6,development,12.01171875,16.512889862060547,39.91015625,31.40234375,40.60546875,-69.90310267201723,False,5,7.625,7.62109375,7.6328125,18.61328125,18.37890625,18.64453125,27.125,26.46484375,27.203125,32.10546875,30.8203125,32.79296875
lin_reg,8,scalar,16384,6,development,33.01171875,62.712890625,73.30078125,72.79296875,75.68359375,-54.96402877697841,False,5,7.51953125,7.5078125,7.609375,18.57421875,18.296875,19.0234375,53.03125,51.109375,55.1171875,72.5859375,71.125,75.28515625
lin_reg,8,vectorized,16384,6,development,12.01171875,16.512889862060547,40.73046875,31.5234375,41.36328125,-70.50925481921934,False,5,7.70703125,7.62109375,7.7109375,18.56640625,18.484375,18.76953125,27.90234375,26.49609375,28.828125,32.96875,30.765625,33.546875
lin_reg,16,scalar,16384,6,development,57.01171875,115.51288986206055,103.75,102.8203125,106.328125,-45.04894578313253,True,5,7.66796875,7.6640625,7.7421875,18.63671875,18.51953125,18.89453125,72.96484375,71.20703125,75.31640625,95.8515625,90.609375,99.4296875
lin_reg,16,vectorized,16384,6,development,12.01171875,16.512889862060547,37.88671875,31.48046875,41.34765625,-68.29570058768945,False,5,7.6328125,7.625,7.734375,18.83984375,18.53515625,18.95703125,27.55078125,27.08984375,27.921875,33.19921875,30.7109375,33.56640625
matrix_mul,4,scalar,16384,6,development,60.51171875,163.80288982391357,119.0859375,115.08203125,120.69921875,-49.186511841501016,True,5,7.6171875,7.61328125,7.69140625,18.66796875,18.5703125,18.87109375,73.9296875,72.625,75.8359375,118.734375,114.5703125,120.53125
matrix_mul,4,vectorized,16384,6,development,21.51171875,29.162890434265137,49.50390625,47.87890625,51.62890625,-56.545411504773924,False,5,7.60546875,7.515625,7.6171875,30.8046875,30.68359375,31.41015625,39.13671875,35.3828125,40.640625,44.66015625,43.90234375,46.625
matrix_mul,8,scalar,16384,6,development,204.51171875,575.6428890228271,328.7109375,328.125,334.0625,-37.78371954842543,True,5,7.72265625,7.71875,7.80859375,18.62109375,18.44921875,18.85546875,212.10546875,206.5546875,213.74609375,318.11328125,194.78125,321.73046875
matrix_mul,8,vectorized,16384,6,development,24.51171875,34.66289043426514,52.078125,51.4140625,55.44140625,-52.932793279327925,False,5,7.52734375,7.5234375,7.62890625,37.11328125,33.8359375,37.4609375,39.61328125,36.66796875,42.13671875,47.63671875,47.51953125,51.171875
matrix_mul,16,scalar,16384,6,development,780.51171875,2223.0028896331787,1140.484375,1133.265625,1152.2734375,-31.563137921113558,True,5,7.8046875,7.765625,7.8671875,19.10546875,18.671875,19.20703125,755.6015625,724.53515625,764.6328125,861.953125,752.5390625,1065.8671875
matrix_mul,16,vectorized,16384,6,development,27.51171875,40.16289043426514,59.75,58.37890625,62.94921875,-53.95528242677824,False,5,7.60546875,7.5234375,7.7109375,43.484375,42.890625,43.6484375,47.6015625,45.1015625,50.96484375,55.87890625,54.515625,58.25390625
max,4,scalar,16384,7,holdout,18.76171875,23.387889862060547,90.5,88.57421875,94.87890625,-79.26881906077348,False,5,7.58984375,7.578125,7.671875,20.81640625,20.65625,21.09765625,66.73828125,65.8515625,68.63671875,88.9296875,87.4765625,95.0078125
max,4,vectorized,16384,7,holdout,46.51171875,88.28789043426514,99.6796875,96.359375,105.796875,-53.33881965671291,False,5,7.5234375,7.50390625,7.58984375,31.73828125,31.515625,32.09765625,87.38671875,84.08984375,87.9921875,97.55859375,95.9921875,102.6171875
poly_derivative,4,scalar,16384,6,development,16.01171875,28.612890243530273,45.37890625,41.87890625,46.4765625,-64.71550314194715,False,5,7.5234375,7.51953125,7.53125,18.4609375,17.9296875,18.71484375,23.95703125,23.765625,25.48828125,36.00390625,34.90234375,40.16796875
poly_derivative,8,scalar,16384,6,development,16.01171875,28.612890243530273,45.80859375,42.19140625,50.0703125,-65.04647394900657,False,5,7.52734375,7.5234375,7.609375,18.51953125,17.7265625,18.86328125,23.78515625,23.19140625,24.08984375,39.14453125,34.8515625,40.953125
poly_derivative,16,scalar,16384,6,development,16.01171875,28.612890243530273,42.7578125,41.62890625,45.08984375,-62.55253060478714,False,5,7.52734375,7.5234375,7.54296875,18.57421875,18.27734375,18.6796875,24.0390625,23.19140625,24.81640625,39.8359375,36.18359375,41.6171875
poly_reg,4,scalar,16384,6,development,36.51171875,66.56289005279541,73.53125,68.34375,74.80078125,-50.34530386740331,False,5,7.5234375,7.4765625,7.6015625,18.66796875,18.5546875,18.76171875,57.27734375,53.87109375,60.4375,73.27734375,67.734375,74.26953125
poly_reg,4,vectorized,16384,6,development,17.51171875,24.762889862060547,44.9140625,43.87890625,46.3359375,-61.01061054096365,False,5,7.51171875,7.51171875,7.63671875,18.5078125,18.38671875,18.66015625,33.15625,30.85546875,37.38671875,40.55078125,39.84375,44.8359375
poly_reg,8,scalar,16384,6,development,60.51171875,119.36289024353027,122.2890625,104.08984375,123.69140625,-50.51747268894141,False,5,7.6171875,7.60546875,7.69921875,18.62109375,18.58984375,18.734375,92.578125,78.3203125,93.2421875,113.8671875,104.015625,119.44140625
poly_reg,8,vectorized,16384,6,development,17.51171875,24.762889862060547,46.5,44.375,46.6640625,-62.34038978494624,False,5,7.515625,7.51171875,7.6171875,18.58203125,17.875,18.9140625,34.80078125,31.5625,38.0859375,43.6953125,40.83984375,45.1875
poly_reg,16,scalar,16384,6,development,108.51171875,224.962890625,188.86328125,176.9765625,195.359375,-42.544830296386685,True,5,7.65625,7.65234375,7.74609375,18.90234375,18.41796875,19.015625,147.94921875,136.49609375,151.296875,176.9921875,174.4921875,184.76953125
poly_reg,16,vectorized,16384,6,development,17.51171875,24.762889862060547,46.80078125,45.62109375,47.3046875,-62.58242216843335,False,5,7.59765625,7.51171875,7.60546875,18.484375,18.46484375,18.875,37.390625,31.609375,37.6953125,44.78125,40.88671875,45.09765625
roberts_cross,4,scalar,16384,6,development,52.01171875,138.61289024353027,92.55859375,91.08984375,96.51171875,-43.80671027642963,True,5,7.66796875,7.6640625,7.78125,18.92578125,18.5859375,19.1328125,50.89453125,49.6796875,55.1875,90.08984375,86.09375,92.65234375
roberts_cross,4,vectorized,16384,6,development,20.51171875,31.362890243530273,52.6171875,50.5,56.140625,-61.01707498144023,False,5,7.59765625,7.5078125,7.68359375,18.6015625,18.390625,18.84765625,37.76171875,35.7578125,41.46875,50.66796875,47.81640625,53.56640625
roberts_cross,8,scalar,16384,6,development,157.01171875,439.79288959503174,254.24609375,243.78515625,259.53125,-38.24419622966184,True,5,7.71484375,7.6484375,7.86328125,18.88671875,18.60546875,19.2109375,116.91015625,111.984375,126.48046875,238.66015625,175.05078125,256.58203125
roberts_cross,8,vectorized,16384,6,development,20.51171875,31.362890243530273,54.41796875,49.1796875,56.671875,-62.307084918527025,False,5,7.58984375,7.515625,7.6015625,18.49609375,18.33203125,18.69921875,37.8125,37.5390625,44.25,53.39453125,47.765625,53.62890625
roberts_cross,16,scalar,16384,6,development,551.01171875,1566.6328897476196,667.171875,652.9765625,674.40234375,-17.410829293426076,True,5,7.8359375,7.828125,7.875,19.06640625,18.6796875,19.60546875,374.03515625,370.203125,382.48828125,517.42578125,501.24609375,669.4921875
roberts_cross,16,vectorized,16384,6,development,20.01171875,30.81289005279541,52.875,47.6796875,53.765625,-62.15277777777778,False,5,7.515625,7.46484375,7.59375,18.578125,18.125,18.8125,35.1484375,34.37890625,39.03125,48.171875,44.546875,48.9453125
sobel,4,scalar,16384,6,holdout,70.01171875,190.97288990020752,141.28515625,137.42578125,144.3515625,-50.44651497138434,True,5,7.61328125,7.609375,7.69921875,18.60546875,17.71875,18.734375,52.63671875,49.11328125,53.44921875,140.7578125,128.96484375,143.84375
sobel,4,vectorized,16384,7,holdout,45.26171875,78.66289043426514,95.47265625,92.97265625,100.59765625,-52.59195613927417,False,5,7.63671875,7.5546875,7.63671875,31.98046875,31.75,32.19140625,82.93359375,81.9375,83.453125,95.51953125,92.6640625,100.46484375
sobel,8,scalar,16384,6,holdout,198.01171875,557.0528898239136,360.46875,359.90234375,362.53515625,-45.068270481144346,True,5,7.8046875,7.796875,7.8828125,18.7421875,18.4375,19.30859375,119.64453125,112.2265625,122.99609375,249.16015625,232.77734375,271.40234375
sobel,8,vectorized,16384,6,holdout,41.01171875,80.31289005279541,96.8203125,90.171875,99.28125,-57.64141047365449,False,5,7.5078125,7.50390625,7.6328125,24.84765625,24.74609375,24.99609375,71.796875,64.72265625,76.9296875,93.3359375,89.8671875,95.7109375
sobel,16,scalar,16384,6,holdout,651.01171875,1852.6328897476196,915.30078125,908.20703125,923.42578125,-28.87455882415702,True,5,7.83984375,7.76171875,7.84375,18.6953125,17.94921875,19.16796875,397.3359375,382.125,425.20703125,756.29296875,720.8671875,767.21484375
sobel,16,vectorized,16384,6,holdout,41.01171875,80.31289005279541,93.4609375,90.30078125,97.8359375,-56.11886650505726,False,5,7.5625,7.5,7.6953125,24.890625,24.6171875,25.19140625,70.328125,68.17578125,77.1875,91.5078125,89.99609375,94.765625
sort,4,vectorized,16384,10,development,136.01171875,365.212890625,278.58984375,274.328125,290.89453125,-51.17850783101277,True,5,7.609375,7.59765625,7.6953125,49.18359375,48.92578125,49.34765625,181.421875,179.9921875,190.7265625,275.015625,270.3125,288.19921875
