split,benchmark,width,vectorization,status,identical,sha256_a,sha256_b,lo_a,lo_b,delta_lo,hi_a,hi_b,delta_hi,saved_lo,saved_hi
development,box_blur,4,vectorized,ok,False,1d1b5379e268ad830b644852d06230ad73f0351f757371ce4996c00cd5624b36,cd89bb2b5a3f909a8ed4d98681e04b9fabc075d4945fd1e441e165f06acb7d68,38.93751525878906,44.81251525878906,5.875,56.53191375732422,69.27332305908203,12.741409301757812,44.81251525878906,69.27332340487892
development,box_blur,8,vectorized,ok,True,1f7baa77b2a12b07ce957365ee59921b91a871a042bb3f24fecfbb6b5a507c11,1f7baa77b2a12b07ce957365ee59921b91a871a042bb3f24fecfbb6b5a507c11,,,,,,,41.93751525878906,62.495612314452146
development,box_blur,16,vectorized,ok,True,03ce81ba203b4b5b16be356c3c00005f4a8aa16798446245260c2d12f22bba18,03ce81ba203b4b5b16be356c3c00005f4a8aa16798446245260c2d12f22bba18,,,,,,,41.93751525878906,62.495612314452146
development,dot_product,4,vectorized,ok,True,ad6bd15f681106f1c3965319d8b14852a5d4179a17e3396fe3cf4f8daba59da1,ad6bd15f681106f1c3965319d8b14852a5d4179a17e3396fe3cf4f8daba59da1,,,,,,,42.06251525878906,59.68159975316635
development,dot_product,8,vectorized,ok,True,cd368834c88c297447d801df9802e80fc05f3e3f116351faf0e55c56f4df3d5d,cd368834c88c297447d801df9802e80fc05f3e3f116351faf0e55c56f4df3d5d,,,,,,,45.18751525878906,64.33128572102154
development,dot_product,16,vectorized,ok,True,b61ec53724e1f2e2432bcfc6e05ddb62fc180111d1a710e7cef91cf71f956c4a,b61ec53724e1f2e2432bcfc6e05ddb62fc180111d1a710e7cef91cf71f956c4a,,,,,,,48.31251525878906,68.98097168887674
development,dot_product,32,vectorized,ok,True,682e9a2ad0766ed9af27adcf3efe227cfe05834a2c5ffc6e4fc8deb048fa380c,682e9a2ad0766ed9af27adcf3efe227cfe05834a2c5ffc6e4fc8deb048fa380c,,,,,,,51.43751525878906,73.63065765673193
development,gx_kernel,4,vectorized,ok,True,1d76ae2aea5c4d46dcf0d5872b8e51a8788b52332365d14cb3eeb898e28ddbc4,1d76ae2aea5c4d46dcf0d5872b8e51a8788b52332365d14cb3eeb898e28ddbc4,,,,,,,44.31251525878906,66.0293736500221
development,gx_kernel,8,vectorized,ok,False,b1b34366583b7f06f39aceb000b49c19d2af3b59f18f389259c84b07f31dcb1c,19dbde810805ce2e09a14dc829cb4e259fb167ada22d7a2bf3fa5dc159c93c6e,44.31251525878906,44.31251525878906,0.0,66.02937316894531,67.52937316894531,1.5,42.31251525878906,63.55357463059477
development,gx_kernel,16,vectorized,ok,True,1f1b7c13bd7870dd46bd07b2ca36a8547ffb50ba3888926d84b69cd2706f5954,1f1b7c13bd7870dd46bd07b2ca36a8547ffb50ba3888926d84b69cd2706f5954,,,,,,,43.31251525878906,65.54147414030842
development,gy_kernel,4,vectorized,ok,False,5a994654bfb9f353c149c1de5d2d1f34f86340a145997bcf31d79d975f37f2bd,130dc72df4d9b005f03375360d446fa92b4fa91914bb87fe791368225ee4f0d9,48.31251525878906,47.31251525878906,-1.0,73.98097133636475,71.99307155609131,-1.9878997802734375,47.31251525878906,71.99307217916308
development,gy_kernel,8,vectorized,ok,False,39e5f39dc488cccaf5bdd0778d03ae1016fada9659838cebdca14a4e11dabef2,86a4f51f888df2a97e5101ddb75e7e0a691818e2e07ccd26424ebaefdbb2a638,44.31251525878906,48.31251525878906,4.0,67.52937316894531,73.98097133636475,6.451598167419434,44.31251525878906,67.5293736500221
development,gy_kernel,16,vectorized,ok,False,109f538bc5ac983ce0c649f67d1ac4728b7c81e7867eca188e7ee3c6bcc866c4,91317cabbb4583bcac8282ca178061e8c9429bd65d10ee1e096a1e873a2b0fee,47.31251525878906,46.31251525878906,-1.0,73.49307155609131,71.50517177581787,-1.9878997802734375,47.31251525878906,73.49307217916308
development,l2_distance,4,vectorized,ok,True,d1679ea37f0e1cb70ff2680119ddbb5693969faf11425ff3b5fdbe5fb23771e7,d1679ea37f0e1cb70ff2680119ddbb5693969faf11425ff3b5fdbe5fb23771e7,,,,,,,42.06251525878906,59.68159975316635
development,l2_distance,8,vectorized,ok,True,35462e8ae7fbb0a50265614ca5fd7431695509bc266371ec58b7742a41885c3e,35462e8ae7fbb0a50265614ca5fd7431695509bc266371ec58b7742a41885c3e,,,,,,,45.18751525878906,64.33128572102154
development,l2_distance,16,vectorized,ok,True,5ce2d7b8f17e150b4a9600626f88db392b8d21a40b2d842c977437d154f09a16,5ce2d7b8f17e150b4a9600626f88db392b8d21a40b2d842c977437d154f09a16,,,,,,,48.31251525878906,68.98097168887674
development,l2_distance,32,vectorized,ok,True,604cc1b9b7fc7e4ae8be0b82cd8fd97e3db0303c8893789ff952c861e0d59545,604cc1b9b7fc7e4ae8be0b82cd8fd97e3db0303c8893789ff952c861e0d59545,,,,,,,51.43751525878906,73.63065765673193
development,lin_reg,4,vectorized,ok,True,7c4e83714a22cf88046331fa8bac5b4b93ea408c2268e5834d84dd138809094b,7c4e83714a22cf88046331fa8bac5b4b93ea408c2268e5834d84dd138809094b,,,,,,,32.31251525878906,45.17457953345816
development,lin_reg,8,vectorized,ok,True,686d4bd43c56cc15a66cdc82200fb06bca29e0e58b2772be45543a5e605f35d8,686d4bd43c56cc15a66cdc82200fb06bca29e0e58b2772be45543a5e605f35d8,,,,,,,32.31251525878906,45.17457953345816
development,lin_reg,16,vectorized,ok,True,5a659e2ebae145f2c47a0f671e30f1b23b8dd1b11c1bb2c86332ea328056da88,5a659e2ebae145f2c47a0f671e30f1b23b8dd1b11c1bb2c86332ea328056da88,,,,,,,32.31251525878906,45.17457953345816
development,matrix_mul,4,vectorized,ok,True,3044033109d15c63ff49c3806d306871d52da5318ef99e21f8b085276aa9fe90,3044033109d15c63ff49c3806d306871d52da5318ef99e21f8b085276aa9fe90,,,,,,,42.06251525878906,59.68159975316635
development,matrix_mul,8,vectorized,ok,True,2c81bdd856ef67e51dc8ab0044350097e33b238d5625b907912576794b993ac0,2c81bdd856ef67e51dc8ab0044350097e33b238d5625b907912576794b993ac0,,,,,,,45.18751525878906,64.33128572102154
development,matrix_mul,16,vectorized,ok,True,95c12d299e382c04f8faa78f010d53bb96f864eff5a240c0e2e2ea6df66cef15,95c12d299e382c04f8faa78f010d53bb96f864eff5a240c0e2e2ea6df66cef15,,,,,,,48.31251525878906,68.98097168887674
development,poly_reg,4,vectorized,ok,True,edecb4c376c4371aca83b4e328e164a38329f99366ef929745e2731fa0e1e0c6,edecb4c376c4371aca83b4e328e164a38329f99366ef929745e2731fa0e1e0c6,,,,,,,37.81251525878906,54.8580268368833
development,poly_reg,8,vectorized,ok,True,90f3803276a57a6526014eb499f073219407bc03d7fdb12080397009e60f7a63,90f3803276a57a6526014eb499f073219407bc03d7fdb12080397009e60f7a63,,,,,,,37.81251525878906,54.8580268368833
development,poly_reg,16,vectorized,ok,True,c8d336d879370691f1d1562939c36563cd258485b1c739f4c28b0d29745fc854,c8d336d879370691f1d1562939c36563cd258485b1c739f4c28b0d29745fc854,,,,,,,37.81251525878906,54.8580268368833
development,roberts_cross,4,vectorized,ok,False,c896ccabbf945b55d2f6579b15a4f980e619f06beda8df0532c453fc4f2f306a,2b54aedbc941fe4e09eff8efbf00b5c7c2fa37221a1b3bffad9786dd9ae6eae1,41.31251525878906,41.31251525878906,0.0,61.065674781799316,61.065674781799316,0.0,40.31251525878906,59.077775611167446
development,roberts_cross,8,vectorized,ok,True,dd225f720cfd3627e6a5bdb02a32a81d12991c3a41b593fdb0343ac167a5e318,dd225f720cfd3627e6a5bdb02a32a81d12991c3a41b593fdb0343ac167a5e318,,,,,,,40.31251525878906,59.077775611167446
development,roberts_cross,16,vectorized,ok,True,269d4a0f596600dfaf4ead9bb98e139228ab2b72fb9235226b308296d53e9328,269d4a0f596600dfaf4ead9bb98e139228ab2b72fb9235226b308296d53e9328,,,,,,,40.31251525878906,59.077775611167446
development,sort,4,vectorized,ok,True,52d36b61e0830e40426c6e6e3a44ca45394e5ba1303a637c4a791c41a838cf3d,52d36b61e0830e40426c6e6e3a44ca45394e5ba1303a637c4a791c41a838cf3d,,,,,,,173.43751525878906,296.15439784179864
holdout,hamming_dist,4,vectorized,ok,True,cf867926d7e6b8d961fc2f014d075f4395ca5a222bdf6bf928b0f8292a045c42,cf867926d7e6b8d961fc2f014d075f4395ca5a222bdf6bf928b0f8292a045c42,,,,,,,48.18751525878906,70.29498386383057
holdout,hamming_dist,8,vectorized,ok,True,1739ba3704fb22ff31881d4dee03187f6a737c829028066238d5c632c6c9ca62,1739ba3704fb22ff31881d4dee03187f6a737c829028066238d5c632c6c9ca62,,,,,,,51.31251525878906,74.94466972351074
holdout,hamming_dist,16,vectorized,ok,True,53b5ea5fb3fdaee3480d4dda60d6e8c0a44516a0dfa65cddd7ef8e30dcaa1621,53b5ea5fb3fdaee3480d4dda60d6e8c0a44516a0dfa65cddd7ef8e30dcaa1621,,,,,,,54.43751525878906,79.59435558319092
holdout,hamming_dist,32,vectorized,ok,True,7ed4d51b793b53093d4dae3a2cc237f14bcabd4c089812bd0fc7bcd1eb82e15c,7ed4d51b793b53093d4dae3a2cc237f14bcabd4c089812bd0fc7bcd1eb82e15c,,,,,,,59.06251525878906,86.97589111328125
holdout,max,4,vectorized,ok,True,8aea7f468253543ece7f26757812b7ae46c10fad7599a1815ae77fa89e019875,8aea7f468253543ece7f26757812b7ae46c10fad7599a1815ae77fa89e019875,,,,,,,69.56251525878906,109.5988359451294
holdout,sobel,4,vectorized,ok,False,4921e3419cea66d054fe11dd903d992d10cab613e5c073a621e1fdb0b3115694,318fdcf294a0c75cb7cb12e29951e6c48d71aa077158b18257deedb5423f8151,56.43751525878906,56.43751525878906,0.0,88.5701551437378,88.5701551437378,0.0,56.43751525878906,88.5701551437378
holdout,sobel,8,vectorized,ok,True,adb3c5c424ee41b3e195489c3453258723294933ab2082acf8793e473e4ef8f9,adb3c5c424ee41b3e195489c3453258723294933ab2082acf8793e473e4ef8f9,,,,,,,61.43751525878906,98.50965213775635
holdout,sobel,16,vectorized,ok,True,8f1cea07d8f7623edec5c4212bff6f0d2111691b65d10e5949d3251f4fcfe502,8f1cea07d8f7623edec5c4212bff6f0d2111691b65d10e5949d3251f4fcfe502,,,,,,,61.43751525878906,98.50965213775635
