N,L,Repeat,GOGC,Peak RSS (MiB),baseline RSS (MiB),baseline HWM (MiB),baseline Heap Alloc (MiB),baseline Heap Inuse (MiB),baseline Heap Sys (MiB),baseline Total Alloc (MiB),parameters RSS (MiB),parameters HWM (MiB),parameters Heap Alloc (MiB),parameters Heap Inuse (MiB),parameters Heap Sys (MiB),parameters Total Alloc (MiB),keys RSS (MiB),keys HWM (MiB),keys Heap Alloc (MiB),keys Heap Inuse (MiB),keys Heap Sys (MiB),keys Total Alloc (MiB),helpers RSS (MiB),helpers HWM (MiB),helpers Heap Alloc (MiB),helpers Heap Inuse (MiB),helpers Heap Sys (MiB),helpers Total Alloc (MiB),one_input RSS (MiB),one_input HWM (MiB),one_input Heap Alloc (MiB),one_input Heap Inuse (MiB),one_input Heap Sys (MiB),one_input Total Alloc (MiB),baseline NumGC,parameters NumGC,keys NumGC,helpers NumGC,one_input NumGC
8192,5,1,100,16.109375,7.7578125,7.7578125,0.5155258178710938,1.09375,7.6875,0.5155258178710938,11.703125,11.703125,3.5841445922851562,4.1953125,11.6875,3.5841445922851562,15.16015625,15.16015625,5.905364990234375,6.5234375,11.625,9.936164855957031,15.81640625,15.81640625,11.809616088867188,12.4296875,19.625,17.319000244140625,16.5078125,16.5078125,12.42462158203125,13.0390625,19.625,17.934005737304688,0,0,3,4,4
8192,5,2,100,16.609375,7.8984375,7.8984375,0.5156784057617188,1.25,3.6875,0.5156784057617188,11.81640625,11.81640625,3.5975341796875,4.34375,7.59375,3.5975341796875,15.36328125,15.36328125,5.9055023193359375,6.6328125,11.625,9.938079833984375,15.953125,15.953125,11.809982299804688,12.5390625,15.625,17.321128845214844,16.87109375,16.87109375,12.42498779296875,13.1484375,15.625,17.936134338378906,0,0,3,4,4
8192,5,3,100,16.609375,7.8984375,7.8984375,0.5153732299804688,1.25,7.6875,0.5153732299804688,11.8125,11.8125,3.59722900390625,4.34375,11.5625,3.59722900390625,15.37890625,15.37890625,5.905426025390625,6.6484375,11.625,9.937332153320312,16.05078125,16.05078125,13.271080017089844,14.0390625,19.5625,17.32537841796875,17.171875,17.171875,12.429893493652344,13.1953125,19.59375,17.940383911132812,0,0,3,4,4
16384,6,1,100,26.57421875,7.8984375,7.8984375,0.5155258178710938,1.25,3.6875,0.5155258178710938,12.75390625,12.75390625,2.7789230346679688,3.4453125,7.65625,5.013175964355469,22.13671875,22.13671875,13.552558898925781,14.25,15.59375,20.029258728027344,23.9609375,23.9609375,28.587814331054688,29.28125,31.59375,38.49901580810547,27.01953125,27.01953125,30.178878784179688,30.8671875,31.59375,40.09008026123047,0,1,5,6,6
16384,6,2,100,27.03125,7.75,7.75,0.5155258178710938,1.09375,3.6875,0.5155258178710938,12.9453125,12.9453125,2.7235946655273438,3.3125,7.65625,5.013282775878906,22.01171875,22.01171875,13.558212280273438,14.203125,19.5625,20.034912109375,24.1875,24.1875,28.593345642089844,29.234375,31.5625,38.50477600097656,27.3828125,27.3828125,30.185081481933594,30.8203125,35.5625,40.09651184082031,0,1,5,6,6
16384,6,3,100,24.84375,7.76171875,7.76171875,0.5155258178710938,1.09375,7.6875,0.5155258178710938,13.0703125,13.0703125,2.723419189453125,3.3203125,11.65625,5.0131072998046875,22.26171875,22.26171875,13.552574157714844,14.25,19.59375,20.029312133789062,23.46875,23.46875,28.587600708007812,29.265625,35.59375,38.49908447265625,25.15234375,25.15234375,30.178665161132812,30.8515625,35.59375,40.09014892578125,0,1,5,6,6
16384,8,1,100,37.109375,7.7578125,7.7578125,0.5153732299804688,1.09375,3.6875,0.5153732299804688,13.046875,13.046875,2.5478591918945312,3.109375,7.625,6.5565032958984375,29.328125,29.328125,21.81256866455078,22.484375,27.59375,30.33623504638672,33.05078125,33.05078125,44.105377197265625,44.7421875,47.59375,57.07569122314453,37.4375,37.4375,46.35162353515625,47.0078125,51.59375,59.417625427246094,0,2,5,6,7
16384,8,2,100,36.984375,7.75,7.75,0.5155258178710938,1.09375,3.6875,0.5155258178710938,13.07421875,13.07421875,2.5425872802734375,3.1171875,7.65625,6.551231384277344,29.8046875,29.8046875,21.802474975585938,22.4453125,27.625,30.330673217773438,32.87109375,32.87109375,44.098960876464844,44.7109375,47.625,57.07012939453125,37.26171875,37.26171875,46.44078826904297,47.046875,51.625,59.411956787109375,0,2,6,7,7
16384,8,3,100,33.29296875,7.78515625,7.78515625,0.5153732299804688,1.09375,7.6875,0.5153732299804688,13.15625,13.15625,2.6578140258789062,3.2421875,11.65625,6.5511016845703125,29.640625,29.640625,21.807167053222656,22.46875,27.59375,30.335739135742188,30.7265625,30.7265625,44.103668212890625,44.7421875,55.59375,57.07508850097656,33.61328125,33.61328125,46.44549560546875,47.078125,55.59375,59.41691589355469,0,2,6,7,7
32768,10,1,100,87.484375,7.890625,7.890625,0.5156784057617188,1.234375,7.6875,0.5156784057617188,16.0,16.0,6.122100830078125,6.765625,11.625,10.401588439941406,68.17578125,68.17578125,63.72541809082031,64.4375,71.59375,79.40492248535156,76.5859375,76.5859375,124.78047943115234,125.4765625,131.59375,151.3233642578125,87.9140625,87.9140625,130.95162200927734,131.640625,139.59375,157.4945068359375,0,3,7,8,8
32768,10,2,100,78.109375,7.75390625,7.75390625,0.5153732299804688,1.09375,3.6875,0.5153732299804688,15.94140625,15.94140625,5.986564636230469,6.5390625,11.65625,10.395835876464844,70.84375,70.84375,63.71922302246094,64.34375,71.59375,79.40460968017578,73.3125,73.3125,124.77954864501953,125.5625,139.59375,151.32305145263672,78.56640625,78.56640625,130.95069122314453,131.7265625,139.59375,157.49419403076172,0,3,8,9,9
32768,10,3,100,86.89453125,7.80078125,7.80078125,0.5155258178710938,1.1484375,3.6875,0.5155258178710938,16.12109375,16.12109375,6.050422668457031,6.609375,11.65625,10.396194458007812,73.21484375,73.21484375,63.71992492675781,64.34375,67.59375,79.4046630859375,75.84375,75.84375,124.7795639038086,125.3984375,127.59375,151.32310485839844,87.234375,87.234375,130.95003509521484,131.5625,135.59375,157.4935760498047,0,3,8,9,9
