Benchmark,Variant,N,L,Total Keys,SEAL Actual (MB),SEAL Est Lo (MB),SEAL Est Hi (MB),SEAL Error Lo (%),SEAL Dir Lo,SEAL Error Hi (%),SEAL Dir Hi,SEAL In Bounds,Lattigo Actual (MB),Lattigo Est Lo (MB),Lattigo Est Hi (MB),Lattigo Error Lo (%),Lattigo Dir Lo,Lattigo Error Hi (%),Lattigo Dir Hi,Lattigo In Bounds
Ciphertext Addition,4,8192,4,0,159.7,13.38,14.71,91.62,UNDER,90.79,UNDER,False,14.13,7.51,9.09,46.83,UNDER,35.68,UNDER,False
Ciphertext Addition,16,8192,4,0,159.7,17.88,19.66,88.81,UNDER,87.69,UNDER,False,19.88,10.51,15.69,47.12,UNDER,21.08,UNDER,False
Ciphertext Addition,64,16384,6,0,164.54,95.88,105.46,41.73,UNDER,35.9,UNDER,False,117.5,73.51,150.16,37.44,UNDER,27.79,OVER,True
Ciphertext Addition,128,32768,8,0,651.29,474.0,521.4,27.22,UNDER,19.94,UNDER,False,757.5,401.26,860.49,47.03,UNDER,13.6,OVER,True
Batched Ciphertext Multiplication,2,8192,4,1,159.82,14.88,16.36,90.69,UNDER,89.76,UNDER,False,14.63,8.01,9.36,45.23,UNDER,36.0,UNDER,False
Batched Ciphertext Multiplication,8,8192,4,1,159.82,21.62,23.79,86.47,UNDER,85.12,UNDER,False,19.38,12.51,15.96,35.42,UNDER,17.61,UNDER,False
Batched Ciphertext Multiplication,16,16384,6,1,161.09,80.88,88.96,49.8,UNDER,44.78,UNDER,False,69.63,58.51,81.96,15.97,UNDER,17.71,OVER,True
Batched Ciphertext Multiplication,32,32768,8,1,625.28,383.0,421.3,38.75,UNDER,32.62,UNDER,False,338.0,311.26,447.99,7.91,UNDER,32.54,OVER,True
Dot Product,4,8192,4,1,159.82,15.25,16.77,90.46,UNDER,89.5,UNDER,False,14.88,8.26,9.91,44.46,UNDER,33.36,UNDER,False
Dot Product,8,8192,4,1,159.82,16.75,18.42,89.52,UNDER,88.47,UNDER,False,16.38,9.26,12.11,43.45,UNDER,26.05,UNDER,False
Dot Product,16,16384,6,1,159.82,44.62,49.09,72.08,UNDER,69.29,UNDER,False,53.38,29.51,48.96,44.71,UNDER,8.27,UNDER,False
Dot Product,32,16384,6,1,162.83,64.62,71.09,60.31,UNDER,56.34,UNDER,False,74.25,45.51,84.16,38.71,UNDER,13.34,OVER,True
Dot Product,64,16384,6,1,232.82,104.62,115.09,55.06,UNDER,50.57,UNDER,False,150.38,77.51,154.56,48.46,UNDER,2.78,OVER,True
Dot Product,128,32768,8,1,1020.11,505.5,556.05,50.45,UNDER,45.49,UNDER,False,790.75,416.26,876.99,47.36,UNDER,10.91,OVER,True
Dot Product,256,32768,8,1,1804.02,953.5,1048.85,47.15,UNDER,41.86,UNDER,False,1546.88,800.26,1721.79,48.27,UNDER,11.31,OVER,True
